DATE,VALUE
1997/12/1,5.69531
1997/12/2,5.6875
1997/12/3,5.6875
1997/12/4,5.67578
1997/12/5,5.65234
1997/12/8,5.625
1997/12/9,5.625
1997/12/10,5.625
1997/12/11,5.625
1997/12/12,5.625
1997/12/15,5.625
1997/12/16,5.625
1997/12/17,5.625
1997/12/18,5.625
1997/12/19,5.625
1997/12/22,5.625
1997/12/23,6.75
1997/12/24,6.75
1997/12/25,.
1997/12/26,.
1997/12/29,6.25
1997/12/30,5.75
1997/12/31,5.73828
1998/1/1,.
1998/1/2,5.6875
1998/1/5,5.6875
1998/1/6,5.63672
1998/1/7,5.59375
1998/1/8,5.58984
1998/1/9,5.57031
1998/1/12,5.58594
1998/1/13,5.59375
1998/1/14,5.59375
1998/1/15,5.5625
1998/1/16,5.56641
1998/1/19,5.57813
1998/1/20,5.58203
1998/1/21,5.5625
1998/1/22,5.57813
1998/1/23,5.57813
1998/1/26,5.625
1998/1/27,5.625
1998/1/28,5.625
1998/1/29,5.625
1998/1/30,5.59766
1998/2/2,5.61328
1998/2/3,5.62109
1998/2/4,5.60156
1998/2/5,5.58984
1998/2/6,5.58984
1998/2/9,5.59375
1998/2/10,5.58594
1998/2/11,5.57422
1998/2/12,5.58203
1998/2/13,5.61328
1998/2/16,5.60938
1998/2/17,5.60547
1998/2/18,5.57031
1998/2/19,5.60938
1998/2/20,5.625
1998/2/23,5.63281
1998/2/24,5.67188
1998/2/25,5.65625
1998/2/26,5.64063
1998/2/27,5.64063
1998/3/2,5.62891
1998/3/3,5.625
1998/3/4,5.625
1998/3/5,5.625
1998/3/6,5.625
1998/3/9,5.625
1998/3/10,5.625
1998/3/11,5.61719
1998/3/12,5.59766
1998/3/13,5.60938
1998/3/16,5.59375
1998/3/17,5.59766
1998/3/18,5.59375
1998/3/19,5.59766
1998/3/20,5.59766
1998/3/23,5.6875
1998/3/24,5.6875
1998/3/25,5.6875
1998/3/26,5.69531
1998/3/27,5.73047
1998/3/30,5.65625
1998/3/31,5.65625
1998/4/1,5.64844
1998/4/2,5.64844
1998/4/3,5.625
1998/4/6,5.625
1998/4/7,5.625
1998/4/8,5.625
1998/4/9,5.625
1998/4/10,.
1998/4/13,.
1998/4/14,5.625
1998/4/15,5.625
1998/4/16,5.625
1998/4/17,5.61719
1998/4/20,5.62109
1998/4/21,5.625
1998/4/22,5.625
1998/4/23,5.625
1998/4/24,5.625
1998/4/27,5.625
1998/4/28,5.625
1998/4/29,5.625
1998/4/30,5.625
1998/5/1,5.625
1998/5/4,.
1998/5/5,5.625
1998/5/6,5.625
1998/5/7,5.61719
1998/5/8,5.58984
1998/5/11,5.60938
1998/5/12,5.60547
1998/5/13,5.61719
1998/5/14,5.60547
1998/5/15,5.62109
1998/5/18,5.62109
1998/5/19,5.625
1998/5/20,5.59375
1998/5/21,5.62109
1998/5/22,5.62109
1998/5/25,.
1998/5/26,5.625
1998/5/27,5.625
1998/5/28,5.625
1998/5/29,5.625
1998/6/1,5.625
1998/6/2,5.625
1998/6/3,5.625
1998/6/4,5.61328
1998/6/5,5.61719
1998/6/8,5.61719
1998/6/9,5.625
1998/6/10,5.59766
1998/6/11,5.61719
1998/6/12,5.61719
1998/6/15,5.62109
1998/6/16,5.61719
1998/6/17,5.625
1998/6/18,5.61719
1998/6/19,5.60547
1998/6/22,5.66016
1998/6/23,5.67188
1998/6/24,5.67578
1998/6/25,5.6875
1998/6/26,5.69922
1998/6/29,5.67969
1998/6/30,5.66797
1998/7/1,5.63672
1998/7/2,5.625
1998/7/3,5.625
1998/7/6,5.625
1998/7/7,5.64844
1998/7/8,5.625
1998/7/9,5.625
1998/7/10,5.625
1998/7/13,5.625
1998/7/14,5.62109
1998/7/15,5.625
1998/7/16,5.625
1998/7/17,5.61328
1998/7/20,5.62109
1998/7/21,5.60938
1998/7/22,5.59766
1998/7/23,5.625
1998/7/24,5.67188
1998/7/27,5.67969
1998/7/28,5.69922
1998/7/29,5.68359
1998/7/30,5.64844
1998/7/31,5.625
1998/8/3,5.625
1998/8/4,5.625
1998/8/5,5.60938
1998/8/6,5.62109
1998/8/7,5.61328
1998/8/10,5.625
1998/8/11,5.625
1998/8/12,5.625
1998/8/13,5.625
1998/8/14,5.625
1998/8/17,5.625
1998/8/18,5.625
1998/8/19,5.625
1998/8/20,5.63281
1998/8/21,5.63281
1998/8/24,5.63672
1998/8/25,5.64844
1998/8/26,5.66406
1998/8/27,5.64063
1998/8/28,5.625
1998/8/31,.
1998/9/1,5.625
1998/9/2,5.625
1998/9/3,5.625
1998/9/4,5.625
1998/9/7,5.625
1998/9/8,5.625
1998/9/9,5.625
1998/9/10,5.625
1998/9/11,5.62109
1998/9/14,5.625
1998/9/15,5.625
1998/9/16,5.625
1998/9/17,5.625
1998/9/18,5.625
1998/9/21,5.625
1998/9/22,5.67578
1998/9/23,5.69922
1998/9/24,5.66016
1998/9/25,5.5625
1998/9/28,5.5
1998/9/29,5.375
1998/9/30,5.375
1998/10/1,5.36328
1998/10/2,5.39063
1998/10/5,5.39453
1998/10/6,5.4375
1998/10/7,5.4375
1998/10/8,5.42578
1998/10/9,5.375
1998/10/12,5.375
1998/10/13,5.37688
1998/10/14,5.37625
1998/10/15,5.37688
1998/10/16,5.22313
1998/10/19,5.24625
1998/10/20,5.25
1998/10/21,5.25
1998/10/22,5.25781
1998/10/23,5.25391
1998/10/26,5.25
1998/10/27,5.25
1998/10/28,5.25875
1998/10/29,5.23875
1998/10/30,5.25
1998/11/2,5.2725
1998/11/3,5.2725
1998/11/4,5.26516
1998/11/5,5.2575
1998/11/6,5.25
1998/11/9,5.2575
1998/11/10,5.25
1998/11/11,5.25
1998/11/12,5.25
1998/11/13,5.25
1998/11/16,5.25891
1998/11/17,5.25
1998/11/18,4.99609
1998/11/19,4.93906
1998/11/20,5
1998/11/23,5
1998/11/24,5
1998/11/25,5.01125
1998/11/26,5.05281
1998/11/27,5.06
1998/11/30,5.12625
1998/12/1,5.06094
1998/12/2,5
1998/12/3,4.9375
1998/12/4,4.8675
1998/12/7,4.89656
1998/12/8,4.93188
1998/12/9,4.91578
1998/12/10,4.93375
1998/12/11,5
1998/12/14,5.01906
1998/12/15,5.01906
1998/12/16,5
1998/12/17,4.98234
1998/12/18,4.93469
1998/12/21,4.93563
1998/12/22,5.05281
1998/12/23,7.25
1998/12/24,7.25
1998/12/25,.
1998/12/28,.
1998/12/29,7.27969
1998/12/30,5.12313
1998/12/31,5.1325
1999/1/1,.
1999/1/4,5.06094
1999/1/5,5.04906
1999/1/6,4.97844
1999/1/7,4.94125
1999/1/8,4.94391
1999/1/11,4.9975
1999/1/12,5
1999/1/13,5
1999/1/14,4.96094
1999/1/15,4.92422
1999/1/18,4.93438
1999/1/19,4.91859
1999/1/20,4.87563
1999/1/21,4.91188
1999/1/22,4.9175
1999/1/25,4.93688
1999/1/26,4.93688
1999/1/27,4.94219
1999/1/28,4.91281
1999/1/29,4.90484
1999/2/1,4.87563
1999/2/2,4.87375
1999/2/3,4.86688
1999/2/4,4.84969
1999/2/5,4.87063
1999/2/8,4.91484
1999/2/9,4.91031
1999/2/10,4.88875
1999/2/11,4.88563
1999/2/12,4.88875
1999/2/15,4.8775
1999/2/16,4.87813
1999/2/17,4.86297
1999/2/18,4.88688
1999/2/19,4.88688
1999/2/22,4.8825
1999/2/23,4.88188
1999/2/24,4.89125
1999/2/25,4.89
1999/2/26,4.89375
1999/3/1,4.88875
1999/3/2,4.87938
1999/3/3,4.86734
1999/3/4,4.85672
1999/3/5,4.85625
1999/3/8,4.87125
1999/3/9,4.8725
1999/3/10,4.8525
1999/3/11,4.84531
1999/3/12,4.84781
1999/3/15,4.85375
1999/3/16,4.85125
1999/3/17,4.8375
1999/3/18,4.8375
1999/3/19,4.84125
1999/3/22,4.9175
1999/3/23,4.93375
1999/3/24,4.9325
1999/3/25,4.93125
1999/3/26,4.95109
1999/3/29,4.98359
1999/3/30,4.91547
1999/3/31,4.92719
1999/4/1,4.92375
1999/4/2,.
1999/4/5,.
1999/4/6,4.91
1999/4/7,4.895
1999/4/8,4.89063
1999/4/9,4.88563
1999/4/12,4.88063
1999/4/13,4.87813
1999/4/14,4.87125
1999/4/15,4.87375
1999/4/16,4.86922
1999/4/19,4.86672
1999/4/20,4.84375
1999/4/21,4.81031
1999/4/22,4.81656
1999/4/23,4.81531
1999/4/26,4.81875
1999/4/27,4.8225
1999/4/28,4.865
1999/4/29,4.87125
1999/4/30,4.88063
1999/5/3,.
1999/5/4,4.875
1999/5/5,4.865
1999/5/6,4.85
1999/5/7,4.84875
1999/5/10,4.8525
1999/5/11,4.85375
1999/5/12,4.85938
1999/5/13,4.86938
1999/5/14,4.865
1999/5/17,4.8875
1999/5/18,4.88438
1999/5/19,4.87438
1999/5/20,4.87688
1999/5/21,4.87188
1999/5/24,4.87125
1999/5/25,4.875
1999/5/26,4.93
1999/5/27,4.925
1999/5/28,4.93
1999/5/31,.
1999/6/1,4.90875
1999/6/2,4.89125
1999/6/3,4.87063
1999/6/4,4.865
1999/6/7,4.8725
1999/6/8,4.875
1999/6/9,4.8725
1999/6/10,4.87688
1999/6/11,4.89125
1999/6/14,4.88875
1999/6/15,4.885
1999/6/16,4.86
1999/6/17,4.84375
1999/6/18,4.8375
1999/6/21,4.85
1999/6/22,5.045
1999/6/23,5.07375
1999/6/24,5.18219
1999/6/25,5.22625
1999/6/28,5.35
1999/6/29,5.30125
1999/6/30,5.27625
1999/7/1,5.18344
1999/7/2,5.1825
1999/7/5,5.18163
1999/7/6,5.1775
1999/7/7,5.17
1999/7/8,5.17125
1999/7/9,5.17
1999/7/12,5.17
1999/7/13,5.1675
1999/7/14,5.15625
1999/7/15,5.15125
1999/7/16,5.13375
1999/7/19,5.1225
1999/7/20,5.11625
1999/7/21,5.09
1999/7/22,5.1175
1999/7/23,5.1375
1999/7/26,5.1525
1999/7/27,5.16625
1999/7/28,5.17
1999/7/29,5.15375
1999/7/30,5.155
1999/8/2,5.14875
1999/8/3,5.14
1999/8/4,5.135
1999/8/5,5.13875
1999/8/6,5.14703
1999/8/9,5.15703
1999/8/10,5.16875
1999/8/11,5.16328
1999/8/12,5.15953
1999/8/13,5.15828
1999/8/16,5.1675
1999/8/17,5.16578
1999/8/18,5.16375
1999/8/19,5.28391
1999/8/20,5.30906
1999/8/23,5.33875
1999/8/24,5.34375
1999/8/25,5.34563
1999/8/26,5.345
1999/8/27,5.35125
1999/8/30,.
1999/8/31,5.35
1999/9/1,5.35
1999/9/2,5.355
1999/9/3,5.35125
1999/9/6,5.3575
1999/9/7,5.36625
1999/9/8,5.36375
1999/9/9,5.35875
1999/9/10,5.3575
1999/9/13,5.35625
1999/9/14,5.355
1999/9/15,5.3525
1999/9/16,5.35375
1999/9/17,5.34875
1999/9/20,5.34875
1999/9/21,5.34625
1999/9/22,5.37563
1999/9/23,5.38375
1999/9/24,5.3875
1999/9/27,5.39375
1999/9/28,5.4
1999/9/29,5.4
1999/9/30,5.39375
1999/10/1,5.3925
1999/10/4,5.395
1999/10/5,5.39625
1999/10/6,5.37375
1999/10/7,5.365
1999/10/8,5.365
1999/10/11,5.3675
1999/10/12,5.36
1999/10/13,5.36125
1999/10/14,5.3575
1999/10/15,5.36125
1999/10/18,5.36375
1999/10/19,5.3625
1999/10/20,5.35125
1999/10/21,5.36125
1999/10/22,5.36375
1999/10/25,5.35875
1999/10/26,5.36625
1999/10/27,5.36625
1999/10/28,5.36875
1999/10/29,5.36625
1999/11/1,5.3675
1999/11/2,5.36
1999/11/3,5.3425
1999/11/4,5.33375
1999/11/5,5.33625
1999/11/8,5.33125
1999/11/9,5.3375
1999/11/10,5.35
1999/11/11,5.38875
1999/11/12,5.41625
1999/11/15,5.45375
1999/11/16,5.49359
1999/11/17,5.55125
1999/11/18,5.54766
1999/11/19,5.54875
1999/11/22,5.55016
1999/11/23,5.55516
1999/11/24,5.58125
1999/11/25,5.62563
1999/11/26,5.68328
1999/11/29,5.68719
1999/11/30,5.68125
1999/12/1,5.62172
1999/12/2,5.57375
1999/12/3,5.56531
1999/12/6,5.57406
1999/12/7,5.57281
1999/12/8,5.57656
1999/12/9,5.6075
1999/12/10,5.62688
1999/12/13,5.63375
1999/12/14,5.62438
1999/12/15,5.62313
1999/12/16,5.60125
1999/12/17,5.60125
1999/12/20,5.58281
1999/12/21,5.6125
1999/12/22,5.60281
1999/12/23,7.71875
1999/12/24,7.75625
1999/12/27,.
1999/12/28,.
1999/12/29,5.92344
1999/12/30,5.92344
1999/12/31,.
2000/1/3,.
2000/1/4,5.64688
2000/1/5,5.605
2000/1/6,5.60547
2000/1/7,5.605
2000/1/10,5.62938
2000/1/11,5.64438
2000/1/12,5.64375
2000/1/13,5.62313
2000/1/14,5.6225
2000/1/17,5.63
2000/1/18,5.64625
2000/1/19,5.63063
2000/1/20,5.62313
2000/1/21,5.65875
2000/1/24,5.65953
2000/1/25,5.66078
2000/1/26,5.64828
2000/1/27,5.73984
2000/1/28,5.78016
2000/1/31,5.85797
2000/2/1,5.87438
2000/2/2,5.88125
2000/2/3,5.87188
2000/2/4,5.86
2000/2/7,5.85797
2000/2/8,5.85797
2000/2/9,5.83656
2000/2/10,5.82656
2000/2/11,5.83172
2000/2/14,5.83031
2000/2/15,5.82281
2000/2/16,5.81
2000/2/17,5.80391
2000/2/18,5.81906
2000/2/21,5.83656
2000/2/22,5.84172
2000/2/23,5.84172
2000/2/24,5.84125
2000/2/25,5.85047
2000/2/28,5.83156
2000/2/29,5.83375
2000/3/1,5.82656
2000/3/2,5.82781
2000/3/3,5.82531
2000/3/6,5.82531
2000/3/7,5.82406
2000/3/8,5.81906
2000/3/9,5.82281
2000/3/10,5.82531
2000/3/13,5.84047
2000/3/14,5.8675
2000/3/15,5.89125
2000/3/16,6.03
2000/3/17,6.06
2000/3/20,6.08375
2000/3/21,6.0925
2000/3/22,6.0875
2000/3/23,6.15328
2000/3/24,6.15875
2000/3/27,6.165
2000/3/28,6.17375
2000/3/29,6.18
2000/3/30,6.13875
2000/3/31,6.13313
2000/4/3,6.1325
2000/4/4,6.12688
2000/4/5,6.09672
2000/4/6,6.08922
2000/4/7,6.09297
2000/4/10,6.09297
2000/4/11,6.09797
2000/4/12,6.09547
2000/4/13,6.09922
2000/4/14,6.10047
2000/4/17,6.1025
2000/4/18,6.09547
2000/4/19,6.10938
2000/4/20,6.105
2000/4/21,.
2000/4/24,.
2000/4/25,6.11375
2000/4/26,6.11875
2000/4/27,6.11125
2000/4/28,6.12375
2000/5/1,.
2000/5/2,6.13375
2000/5/3,6.12438
2000/5/4,6.13
2000/5/5,6.1625
2000/5/8,6.18094
2000/5/9,6.22109
2000/5/10,6.26375
2000/5/11,6.43219
2000/5/12,6.52875
2000/5/15,6.56
2000/5/16,6.56281
2000/5/17,6.56281
2000/5/18,6.5625
2000/5/19,6.56156
2000/5/22,6.56156
2000/5/23,6.56656
2000/5/24,6.56656
2000/5/25,6.57156
2000/5/26,6.59797
2000/5/29,.
2000/5/30,6.61875
2000/5/31,6.62
2000/6/1,6.62
2000/6/2,6.6125
2000/6/5,6.59875
2000/6/6,6.59375
2000/6/7,6.5975
2000/6/8,6.6075
2000/6/9,6.615
2000/6/12,6.615
2000/6/13,6.61688
2000/6/14,6.6075
2000/6/15,6.6025
2000/6/16,6.60375
2000/6/19,6.5925
2000/6/20,6.585
2000/6/21,6.58125
2000/6/22,6.8275
2000/6/23,6.82375
2000/6/26,6.855
2000/6/27,6.87
2000/6/28,6.9275
2000/6/29,6.66
2000/6/30,6.635
2000/7/3,6.6275
2000/7/4,6.625
2000/7/5,6.62
2000/7/6,6.61375
2000/7/7,6.615
2000/7/10,6.61625
2000/7/11,6.61875
2000/7/12,6.6175
2000/7/13,6.6075
2000/7/14,6.605
2000/7/17,6.5975
2000/7/18,6.59375
2000/7/19,6.59125
2000/7/20,6.58875
2000/7/21,6.60125
2000/7/24,6.60375
2000/7/25,6.60625
2000/7/26,6.6025
2000/7/27,6.605
2000/7/28,6.6025
2000/7/31,6.5975
2000/8/1,6.59875
2000/8/2,6.59375
2000/8/3,6.59125
2000/8/4,6.5875
2000/8/7,6.58125
2000/8/8,6.57625
2000/8/9,6.565
2000/8/10,6.56625
2000/8/11,6.57125
2000/8/14,6.57125
2000/8/15,6.57125
2000/8/16,6.57
2000/8/17,6.5675
2000/8/18,6.5725
2000/8/21,6.57375
2000/8/22,6.565
2000/8/23,6.57625
2000/8/24,6.575
2000/8/25,6.57875
2000/8/28,.
2000/8/29,6.58125
2000/8/30,6.5775
2000/8/31,6.58
2000/9/1,6.57875
2000/9/4,6.58
2000/9/5,6.58125
2000/9/6,6.57875
2000/9/7,6.58375
2000/9/8,6.585
2000/9/11,6.585
2000/9/12,6.585
2000/9/13,6.59
2000/9/14,6.58375
2000/9/15,6.58
2000/9/18,6.5775
2000/9/19,6.575
2000/9/20,6.5675
2000/9/21,6.645
2000/9/22,6.6475
2000/9/25,6.64875
2000/9/26,6.65
2000/9/27,6.65
2000/9/28,6.615
2000/9/29,6.61125
2000/10/2,6.61
2000/10/3,6.60625
2000/10/4,6.595
2000/10/5,6.59625
2000/10/6,6.5975
2000/10/9,6.59625
2000/10/10,6.5975
2000/10/11,6.59375
2000/10/12,6.59375
2000/10/13,6.5875
2000/10/16,6.59375
2000/10/17,6.59125
2000/10/18,6.5875
2000/10/19,6.5875
2000/10/20,6.5875
2000/10/23,6.59875
2000/10/24,6.59375
2000/10/25,6.5925
2000/10/26,6.5975
2000/10/27,6.6
2000/10/30,6.59125
2000/10/31,6.59125
2000/11/1,6.5875
2000/11/2,6.5875
2000/11/3,6.58625
2000/11/6,6.58625
2000/11/7,6.58875
2000/11/8,6.5875
2000/11/9,6.5875
2000/11/10,6.58875
2000/11/13,6.5925
2000/11/14,6.58625
2000/11/15,6.5875
2000/11/16,6.58375
2000/11/17,6.59125
2000/11/20,6.59625
2000/11/21,6.60375
2000/11/22,6.60125
2000/11/23,6.6
2000/11/24,6.6
2000/11/27,6.6
2000/11/28,6.6
2000/11/29,6.59375
2000/11/30,6.58875
2000/12/1,6.5875
2000/12/4,6.5825
2000/12/5,6.585
2000/12/6,6.585
2000/12/7,6.5875
2000/12/8,6.5825
2000/12/11,6.57875
2000/12/12,6.57625
2000/12/13,6.58
2000/12/14,6.57625
2000/12/15,6.57625
2000/12/18,6.5775
2000/12/19,6.57
2000/12/20,6.56875
2000/12/21,6.7825
2000/12/22,6.8375
2000/12/25,.
2000/12/26,.
2000/12/27,6.83875
2000/12/28,6.6175
2000/12/29,6.6125
2001/1/1,.
2001/1/2,6.605
2001/1/3,6.57875
2001/1/4,6.08125
2001/1/5,6.0525
2001/1/8,6.0375
2001/1/9,6.03
2001/1/10,6.02625
2001/1/11,6.025
2001/1/12,6.02625
2001/1/15,6.03625
2001/1/16,6.03125
2001/1/17,6.03125
2001/1/18,6.005
2001/1/19,6
2001/1/22,5.995
2001/1/23,5.98625
2001/1/24,5.98875
2001/1/25,5.91625
2001/1/26,5.79125
2001/1/29,5.70125
2001/1/30,5.63625
2001/1/31,5.595
2001/2/1,5.58
2001/2/2,5.575
2001/2/5,5.58875
2001/2/6,5.58375
2001/2/7,5.585
2001/2/8,5.585
2001/2/9,5.585
2001/2/12,5.585
2001/2/13,5.585
2001/2/14,5.58
2001/2/15,5.58125
2001/2/16,5.58
2001/2/19,5.57875
2001/2/20,5.58
2001/2/21,5.57875
2001/2/22,5.575
2001/2/23,5.5725
2001/2/26,5.55625
2001/2/27,5.49125
2001/2/28,5.3975
2001/3/1,5.52125
2001/3/2,5.55375
2001/3/5,5.56125
2001/3/6,5.57875
2001/3/7,5.56406
2001/3/8,5.56
2001/3/9,5.5575
2001/3/12,5.5525
2001/3/13,5.49375
2001/3/14,5.41828
2001/3/15,5.12
2001/3/16,5.06281
2001/3/19,5.02125
2001/3/20,5.0175
2001/3/21,5.08406
2001/3/22,5.1225
2001/3/23,5.15125
2001/3/26,5.15125
2001/3/27,5.1575
2001/3/28,5.165
2001/3/29,5.12063
2001/3/30,5.1175
2001/4/2,5.10297
2001/4/3,5.09875
2001/4/4,5.10047
2001/4/5,5.09922
2001/4/6,5.09922
2001/4/9,5.08875
2001/4/10,5.085
2001/4/11,5.08797
2001/4/12,5.09547
2001/4/13,.
2001/4/16,.
2001/4/17,5.095
2001/4/18,5.0875
2001/4/19,4.56906
2001/4/20,4.5675
2001/4/23,4.56531
2001/4/24,4.55375
2001/4/25,4.54875
2001/4/26,4.55625
2001/4/27,4.5575
2001/4/30,4.56875
2001/5/1,4.5875
2001/5/2,4.57625
2001/5/3,4.56656
2001/5/4,4.5525
2001/5/7,.
2001/5/8,4.46875
2001/5/9,4.3975
2001/5/10,4.17875
2001/5/11,4.15078
2001/5/14,4.16625
2001/5/15,4.145
2001/5/16,4.105
2001/5/17,4.09547
2001/5/18,4.0925
2001/5/21,4.09
2001/5/22,4.08625
2001/5/23,4.08375
2001/5/24,4.09297
2001/5/25,4.09297
2001/5/28,.
2001/5/29,4.09547
2001/5/30,4.0875
2001/5/31,4.08625
2001/6/1,4.07875
2001/6/4,4.07625
2001/6/5,4.0775
2001/6/6,4.06625
2001/6/7,4.07531
2001/6/8,4.0775
2001/6/11,4.07531
2001/6/12,4.07156
2001/6/13,4.085
2001/6/14,4.07281
2001/6/15,4.07031
2001/6/18,4.05875
2001/6/19,4.00625
2001/6/20,3.955
2001/6/21,3.925
2001/6/22,3.8725
2001/6/25,3.84
2001/6/26,3.82031
2001/6/27,3.8025
2001/6/28,3.86938
2001/6/29,3.88
2001/7/2,3.8775
2001/7/3,3.85625
2001/7/4,3.84875
2001/7/5,3.84875
2001/7/6,3.84547
2001/7/9,3.84625
2001/7/10,3.8425
2001/7/11,3.8325
2001/7/12,3.83
2001/7/13,3.83
2001/7/16,3.82875
2001/7/17,3.82875
2001/7/18,3.82625
2001/7/19,3.825
2001/7/20,3.82406
2001/7/23,3.82625
2001/7/24,3.82625
2001/7/25,3.82875
2001/7/26,3.82875
2001/7/27,3.83375
2001/7/30,3.82875
2001/7/31,3.83
2001/8/1,3.82625
2001/8/2,3.81875
2001/8/3,3.81531
2001/8/6,3.81156
2001/8/7,3.81656
2001/8/8,3.81531
2001/8/9,3.8075
2001/8/10,3.80016
2001/8/13,3.78391
2001/8/14,3.7625
2001/8/15,3.7375
2001/8/16,3.6475
2001/8/17,3.615
2001/8/20,3.58875
2001/8/21,3.58625
2001/8/22,3.58
2001/8/23,3.58438
2001/8/24,3.58625
2001/8/27,.
2001/8/28,3.59172
2001/8/29,3.61
2001/8/30,3.58672
2001/8/31,3.58297
2001/9/3,3.58547
2001/9/4,3.58125
2001/9/5,3.57875
2001/9/6,3.58
2001/9/7,3.57406
2001/9/10,3.55875
2001/9/11,3.56
2001/9/12,4
2001/9/13,4.0625
2001/9/14,4.0275
2001/9/17,3.5675
2001/9/18,3.0725
2001/9/19,2.61875
2001/9/20,2.74375
2001/9/21,2.99375
2001/9/24,2.94625
2001/9/25,3.06406
2001/9/26,3.13375
2001/9/27,2.78625
2001/9/28,2.66094
2001/10/1,2.65203
2001/10/2,2.6375
2001/10/3,2.59
2001/10/4,2.58375
2001/10/5,2.57625
2001/10/8,2.5775
2001/10/9,2.57656
2001/10/10,2.57281
2001/10/11,2.56781
2001/10/12,2.56781
2001/10/15,2.56781
2001/10/16,2.56531
2001/10/17,2.56531
2001/10/18,2.56375
2001/10/19,2.555
2001/10/22,2.5525
2001/10/23,2.55906
2001/10/24,2.56031
2001/10/25,2.56281
2001/10/26,2.55906
2001/10/29,2.54875
2001/10/30,2.5
2001/10/31,2.43344
2001/11/1,2.33125
2001/11/2,2.30656
2001/11/5,2.2375
2001/11/6,2.19375
2001/11/7,2.0875
2001/11/8,2.08625
2001/11/9,2.08875
2001/11/12,2.09
2001/11/13,2.09
2001/11/14,2.08875
2001/11/15,2.09422
2001/11/16,2.09047
2001/11/19,2.09125
2001/11/20,2.09375
2001/11/21,2.0975
2001/11/22,2.12438
2001/11/23,2.11375
2001/11/26,2.12
2001/11/27,2.12688
2001/11/28,2.12188
2001/11/29,2.11625
2001/11/30,2.10922
2001/12/3,2.0875
2001/12/4,2.04625
2001/12/5,1.97234
2001/12/6,1.925
2001/12/7,1.88
2001/12/10,1.8575
2001/12/11,1.85
2001/12/12,1.83031
2001/12/13,1.82406
2001/12/14,1.82625
2001/12/17,1.83172
2001/12/18,1.83
2001/12/19,1.83281
2001/12/20,1.8325
2001/12/21,2.125
2001/12/24,2.12813
2001/12/25,.
2001/12/26,.
2001/12/27,2.11813
2001/12/28,1.9
2001/12/31,1.89125
2002/1/1,.
2002/1/2,1.86375
2002/1/3,1.84797
2002/1/4,1.84422
2002/1/7,1.84422
2002/1/8,1.8325
2002/1/9,1.825
2002/1/10,1.825
2002/1/11,1.82375
2002/1/14,1.81656
2002/1/15,1.81281
2002/1/16,1.79266
2002/1/17,1.78516
2002/1/18,1.78891
2002/1/21,1.78891
2002/1/22,1.78766
2002/1/23,1.795
2002/1/24,1.79391
2002/1/25,1.82656
2002/1/28,1.8275
2002/1/29,1.84547
2002/1/30,1.83875
2002/1/31,1.84
2002/2/1,1.84047
2002/2/4,1.8375
2002/2/5,1.83625
2002/2/6,1.82625
2002/2/7,1.83625
2002/2/8,1.8375
2002/2/11,1.8375
2002/2/12,1.83625
2002/2/13,1.84297
2002/2/14,1.84
2002/2/15,1.84
2002/2/18,1.84
2002/2/19,1.84
2002/2/20,1.84
2002/2/21,1.84
2002/2/22,1.84
2002/2/25,1.84
2002/2/26,1.84172
2002/2/27,1.84047
2002/2/28,1.83797
2002/3/1,1.84047
2002/3/4,1.84
2002/3/5,1.84
2002/3/6,1.83625
2002/3/7,1.84625
2002/3/8,1.84125
2002/3/11,1.84
2002/3/12,1.84
2002/3/13,1.845
2002/3/14,1.84
2002/3/15,1.84
2002/3/18,1.8425
2002/3/19,1.84
2002/3/20,1.93375
2002/3/21,1.93875
2002/3/22,1.95875
2002/3/25,1.95
2002/3/26,1.9525
2002/3/27,1.86125
2002/3/28,1.855
2002/3/29,.
2002/4/1,.
2002/4/2,1.84875
2002/4/3,1.84375
2002/4/4,1.84
2002/4/5,1.83875
2002/4/8,1.84
2002/4/9,1.8425
2002/4/10,1.83625
2002/4/11,1.8375
2002/4/12,1.835
2002/4/15,1.83875
2002/4/16,1.83375
2002/4/17,1.83125
2002/4/18,1.82688
2002/4/19,1.82875
2002/4/22,1.85
2002/4/23,1.84625
2002/4/24,1.84375
2002/4/25,1.84125
2002/4/26,1.84875
2002/4/29,1.84
2002/4/30,1.84
2002/5/1,1.83875
2002/5/2,1.8375
2002/5/3,1.8375
2002/5/6,.
2002/5/7,1.83625
2002/5/8,1.83375
2002/5/9,1.82875
2002/5/10,1.83125
2002/5/13,1.83875
2002/5/14,1.8325
2002/5/15,1.82875
2002/5/16,1.83
2002/5/17,1.82625
2002/5/20,1.8275
2002/5/21,1.8225
2002/5/22,1.81
2002/5/23,1.83875
2002/5/24,1.84625
2002/5/27,1.84875
2002/5/28,1.8475
2002/5/29,1.86125
2002/5/30,1.84125
2002/5/31,1.83625
2002/6/3,.
2002/6/4,.
2002/6/5,1.82375
2002/6/6,1.82
2002/6/7,1.825
2002/6/10,1.825
2002/6/11,1.825
2002/6/12,1.82125
2002/6/13,1.82
2002/6/14,1.82125
2002/6/17,1.82375
2002/6/18,1.82
2002/6/19,1.80875
2002/6/20,1.84625
2002/6/21,1.84625
2002/6/24,1.85375
2002/6/25,1.855
2002/6/26,1.87125
2002/6/27,1.8425
2002/6/28,1.835
2002/7/1,1.82875
2002/7/2,1.82375
2002/7/3,1.81625
2002/7/4,1.815
2002/7/5,1.8225
2002/7/8,1.8225
2002/7/9,1.82188
2002/7/10,1.82375
2002/7/11,1.82125
2002/7/12,1.81625
2002/7/15,1.815
2002/7/16,1.81813
2002/7/17,1.815
2002/7/18,1.8125
2002/7/19,1.81406
2002/7/22,1.8125
2002/7/23,1.8225
2002/7/24,1.81375
2002/7/25,1.815
2002/7/26,1.81
2002/7/29,1.81
2002/7/30,1.81125
2002/7/31,1.81125
2002/8/1,1.81
2002/8/2,1.8075
2002/8/5,1.8025
2002/8/6,1.805
2002/8/7,1.8
2002/8/8,1.8
2002/8/9,1.79
2002/8/12,1.78625
2002/8/13,1.785
2002/8/14,1.78875
2002/8/15,1.78875
2002/8/16,1.79125
2002/8/19,1.8025
2002/8/20,1.805
2002/8/21,1.805
2002/8/22,1.80875
2002/8/23,1.81375
2002/8/26,.
2002/8/27,1.81375
2002/8/28,1.8475
2002/8/29,1.83375
2002/8/30,1.82875
2002/9/2,1.82375
2002/9/3,1.82125
2002/9/4,1.81875
2002/9/5,1.81125
2002/9/6,1.8075
2002/9/9,1.81375
2002/9/10,1.8175
2002/9/11,1.81875
2002/9/12,1.82125
2002/9/13,1.82
2002/9/16,1.8175
2002/9/17,1.81563
2002/9/18,1.81625
2002/9/19,1.8125
2002/9/20,1.8375
2002/9/23,1.82625
2002/9/24,1.825
2002/9/25,1.8275
2002/9/26,1.83375
2002/9/27,1.82625
2002/9/30,1.82125
2002/10/1,1.8175
2002/10/2,1.8125
2002/10/3,1.8075
2002/10/4,1.805
2002/10/7,1.81125
2002/10/8,1.81125
2002/10/9,1.8075
2002/10/10,1.81375
2002/10/11,1.815
2002/10/14,1.8125
2002/10/15,1.81625
2002/10/16,1.815
2002/10/17,1.81125
2002/10/18,1.815
2002/10/21,1.81
2002/10/22,1.8125
2002/10/23,1.82125
2002/10/24,1.82
2002/10/25,1.8225
2002/10/28,1.82125
2002/10/29,1.83875
2002/10/30,1.8125
2002/10/31,1.76625
2002/11/1,1.7175
2002/11/4,1.64625
2002/11/5,1.63
2002/11/6,1.61875
2002/11/7,1.37125
2002/11/8,1.36875
2002/11/11,1.38125
2002/11/12,1.37875
2002/11/13,1.3825
2002/11/14,1.3575
2002/11/15,1.35875
2002/11/18,1.34625
2002/11/19,1.31625
2002/11/20,1.31
2002/11/21,1.35875
2002/11/22,1.37625
2002/11/25,1.3825
2002/11/26,1.37875
2002/11/27,1.38125
2002/11/28,1.35875
2002/11/29,1.3525
2002/12/2,1.34875
2002/12/3,1.33875
2002/12/4,1.33
2002/12/5,1.33
2002/12/6,1.32875
2002/12/9,1.3275
2002/12/10,1.32375
2002/12/11,1.32375
2002/12/12,1.3225
2002/12/13,1.32375
2002/12/16,1.3225
2002/12/17,1.32125
2002/12/18,1.31625
2002/12/19,1.31625
2002/12/20,1.31375
2002/12/23,1.5025
2002/12/24,1.50125
2002/12/25,.
2002/12/26,.
2002/12/27,1.48375
2002/12/30,1.37375
2002/12/31,1.36125
2003/1/1,.
2003/1/2,1.35
2003/1/3,1.34625
2003/1/6,1.345
2003/1/7,1.3425
2003/1/8,1.32875
2003/1/9,1.32625
2003/1/10,1.32375
2003/1/13,1.3275
2003/1/14,1.33
2003/1/15,1.32375
2003/1/16,1.315
2003/1/17,1.31875
2003/1/20,1.32
2003/1/21,1.32125
2003/1/22,1.3225
2003/1/23,1.33375
2003/1/24,1.33
2003/1/27,1.33
2003/1/28,1.3275
2003/1/29,1.33
2003/1/30,1.325
2003/1/31,1.325
2003/2/3,1.3225
2003/2/4,1.32125
2003/2/5,1.31625
2003/2/6,1.315
2003/2/7,1.3125
2003/2/10,1.31625
2003/2/11,1.3125
2003/2/12,1.3125
2003/2/13,1.31
2003/2/14,1.31625
2003/2/17,1.315
2003/2/18,1.3175
2003/2/19,1.31625
2003/2/20,1.31875
2003/2/21,1.31625
2003/2/24,1.315
2003/2/25,1.315
2003/2/26,1.3225
2003/2/27,1.31875
2003/2/28,1.32
2003/3/3,1.32
2003/3/4,1.3175
2003/3/5,1.3175
2003/3/6,1.3075
2003/3/7,1.31313
2003/3/10,1.305
2003/3/11,1.28875
2003/3/12,1.285
2003/3/13,1.29625
2003/3/14,1.2975
2003/3/17,1.285
2003/3/18,1.285
2003/3/19,1.29
2003/3/20,1.295
2003/3/21,1.3225
2003/3/24,1.32375
2003/3/25,1.3275
2003/3/26,1.33
2003/3/27,1.3325
2003/3/28,1.31
2003/3/31,1.30875
2003/4/1,1.3075
2003/4/2,1.30375
2003/4/3,1.3025
2003/4/4,1.3
2003/4/7,1.30875
2003/4/8,1.30875
2003/4/9,1.31
2003/4/10,1.3075
2003/4/11,1.3175
2003/4/14,1.31375
2003/4/15,1.3175
2003/4/16,1.3175
2003/4/17,1.31625
2003/4/18,.
2003/4/21,.
2003/4/22,1.32
2003/4/23,1.32
2003/4/24,1.32
2003/4/25,1.32375
2003/4/28,1.3275
2003/4/29,1.32
2003/4/30,1.31875
2003/5/1,1.31625
2003/5/2,1.31
2003/5/5,.
2003/5/6,1.31
2003/5/7,1.31125
2003/5/8,1.31125
2003/5/9,1.31125
2003/5/12,1.31875
2003/5/13,1.32
2003/5/14,1.3125
2003/5/15,1.31875
2003/5/16,1.31625
2003/5/19,1.31438
2003/5/20,1.31625
2003/5/21,1.30875
2003/5/22,1.3175
2003/5/23,1.315
2003/5/26,.
2003/5/27,1.32
2003/5/28,1.33375
2003/5/29,1.3225
2003/5/30,1.32
2003/6/2,1.3175
2003/6/3,1.3175
2003/6/4,1.3075
2003/6/5,1.3
2003/6/6,1.30375
2003/6/9,1.30875
2003/6/10,1.31
2003/6/11,1.3075
2003/6/12,1.30875
2003/6/13,1.3025
2003/6/16,1.3025
2003/6/17,1.27875
2003/6/18,1.23125
2003/6/19,1.08875
2003/6/20,1.07125
2003/6/23,1.06125
2003/6/24,1.04625
2003/6/25,1.025
2003/6/26,1.12375
2003/6/27,1.1375
2003/6/30,1.12375
2003/7/1,1.11938
2003/7/2,1.11625
2003/7/3,1.11125
2003/7/4,1.11125
2003/7/7,1.11
2003/7/8,1.1075
2003/7/9,1.1075
2003/7/10,1.11
2003/7/11,1.10375
2003/7/14,1.1
2003/7/15,1.1
2003/7/16,1.1
2003/7/17,1.1
2003/7/18,1.09625
2003/7/21,1.0975
2003/7/22,1.09625
2003/7/23,1.0975
2003/7/24,1.0975
2003/7/25,1.1
2003/7/28,1.1
2003/7/29,1.10375
2003/7/30,1.1
2003/7/31,1.1
2003/8/1,1.10375
2003/8/4,1.09875
2003/8/5,1.09875
2003/8/6,1.09
2003/8/7,1.09625
2003/8/8,1.095
2003/8/11,1.095
2003/8/12,1.0975
2003/8/13,1.10125
2003/8/14,1.1
2003/8/15,1.1
2003/8/18,1.1
2003/8/19,1.0975
2003/8/20,1.08375
2003/8/21,1.1025
2003/8/22,1.10375
2003/8/25,.
2003/8/26,1.1125
2003/8/27,1.11625
2003/8/28,1.11
2003/8/29,1.10875
2003/9/1,1.10125
2003/9/2,1.10125
2003/9/3,1.09875
2003/9/4,1.09625
2003/9/5,1.0975
2003/9/8,1.09875
2003/9/9,1.09375
2003/9/10,1.09375
2003/9/11,1.095
2003/9/12,1.0925
2003/9/15,1.095
2003/9/16,1.0925
2003/9/17,1.0875
2003/9/18,1.085
2003/9/19,1.08375
2003/9/22,1.115
2003/9/23,1.115
2003/9/24,1.11625
2003/9/25,1.12125
2003/9/26,1.13125
2003/9/29,1.11625
2003/9/30,1.11
2003/10/1,1.10375
2003/10/2,1.1
2003/10/3,1.09625
2003/10/6,1.0925
2003/10/7,1.09625
2003/10/8,1.0925
2003/10/9,1.0925
2003/10/10,1.09375
2003/10/13,1.09625
2003/10/14,1.0975
2003/10/15,1.09375
2003/10/16,1.0875
2003/10/17,1.0875
2003/10/20,1.085
2003/10/21,1.085
2003/10/22,1.0825
2003/10/23,1.10625
2003/10/24,1.105
2003/10/27,1.10625
2003/10/28,1.11
2003/10/29,1.11125
2003/10/30,1.1
2003/10/31,1.095
2003/11/3,1.0925
2003/11/4,1.08875
2003/11/5,1.085
2003/11/6,1.0875
2003/11/7,1.08875
2003/11/10,1.09375
2003/11/11,1.0925
2003/11/12,1.09375
2003/11/13,1.09375
2003/11/14,1.0875
2003/11/17,1.09
2003/11/18,1.0825
2003/11/19,1.08125
2003/11/20,1.09875
2003/11/21,1.095
2003/11/24,1.0975
2003/11/25,1.1025
2003/11/26,1.10125
2003/11/27,1.0975
2003/11/28,1.0975
2003/12/1,1.0925
2003/12/2,1.09125
2003/12/3,1.08875
2003/12/4,1.08375
2003/12/5,1.08875
2003/12/8,1.09125
2003/12/9,1.09
2003/12/10,1.08625
2003/12/11,1.08625
2003/12/12,1.08125
2003/12/15,1.08125
2003/12/16,1.07875
2003/12/17,1.0725
2003/12/18,1.07375
2003/12/19,1.07625
2003/12/22,1.07875
2003/12/23,1.16625
2003/12/24,1.165
2003/12/25,.
2003/12/26,.
2003/12/29,1.1575
2003/12/30,1.0925
2003/12/31,1.08875
2004/1/1,.
2004/1/2,1.0875
2004/1/5,1.08375
2004/1/6,1.08063
2004/1/7,1.0775
2004/1/8,1.075
2004/1/9,1.0725
2004/1/12,1.0725
2004/1/13,1.0725
2004/1/14,1.07125
2004/1/15,1.07125
2004/1/16,1.07125
2004/1/19,1.07125
2004/1/20,1.07125
2004/1/21,1.07125
2004/1/22,1.0775
2004/1/23,1.08
2004/1/26,1.0775
2004/1/27,1.0775
2004/1/28,1.07875
2004/1/29,1.07875
2004/1/30,1.07625
2004/2/2,1.075
2004/2/3,1.07125
2004/2/4,1.0675
2004/2/5,1.065
2004/2/6,1.065
2004/2/9,1.07125
2004/2/10,1.07125
2004/2/11,1.07125
2004/2/12,1.07
2004/2/13,1.07
2004/2/16,1.07
2004/2/17,1.07
2004/2/18,1.07
2004/2/19,1.075
2004/2/20,1.0775
2004/2/23,1.08
2004/2/24,1.08
2004/2/25,1.07875
2004/2/26,1.0725
2004/2/27,1.0725
2004/3/1,1.07375
2004/3/2,1.07375
2004/3/3,1.0725
2004/3/4,1.0725
2004/3/5,1.07375
2004/3/8,1.07125
2004/3/9,1.07125
2004/3/10,1.07125
2004/3/11,1.0725
2004/3/12,1.07125
2004/3/15,1.0725
2004/3/16,1.07125
2004/3/17,1.07125
2004/3/18,1.0675
2004/3/19,1.0675
2004/3/22,1.0675
2004/3/23,1.085
2004/3/24,1.08438
2004/3/25,1.08438
2004/3/26,1.085
2004/3/29,1.0875
2004/3/30,1.08125
2004/3/31,1.0775
2004/4/1,1.07625
2004/4/2,1.07375
2004/4/5,1.0725
2004/4/6,1.075
2004/4/7,1.07625
2004/4/8,1.07375
2004/4/9,.
2004/4/12,.
2004/4/13,1.08
2004/4/14,1.08
2004/4/15,1.08
2004/4/16,1.07625
2004/4/19,1.0725
2004/4/20,1.07375
2004/4/21,1.0725
2004/4/22,1.08
2004/4/23,1.08
2004/4/26,1.08125
2004/4/27,1.08125
2004/4/28,1.08125
2004/4/29,1.08
2004/4/30,1.08
2004/5/3,.
2004/5/4,1.07875
2004/5/5,1.075
2004/5/6,1.07625
2004/5/7,1.07875
2004/5/10,1.08
2004/5/11,1.07875
2004/5/12,1.08
2004/5/13,1.08
2004/5/14,1.08
2004/5/17,1.08
2004/5/18,1.08125
2004/5/19,1.08125
2004/5/20,1.08625
2004/5/21,1.08375
2004/5/24,1.08375
2004/5/25,1.08
2004/5/26,1.0825
2004/5/27,1.08125
2004/5/28,1.08125
2004/5/31,.
2004/6/1,1.08125
2004/6/2,1.08
2004/6/3,1.0825
2004/6/4,1.0825
2004/6/7,1.0825
2004/6/8,1.0825
2004/6/9,1.0825
2004/6/10,1.08125
2004/6/11,1.085
2004/6/14,1.08125
2004/6/15,1.08125
2004/6/16,1.08
2004/6/17,1.0825
2004/6/18,1.08
2004/6/21,1.0825
2004/6/22,1.13
2004/6/23,1.155
2004/6/24,1.2675
2004/6/25,1.3
2004/6/28,1.335
2004/6/29,1.34
2004/6/30,1.35
2004/7/1,1.34625
2004/7/2,1.345
2004/7/5,1.33875
2004/7/6,1.33125
2004/7/7,1.33625
2004/7/8,1.33375
2004/7/9,1.33625
2004/7/12,1.3275
2004/7/13,1.33375
2004/7/14,1.33125
2004/7/15,1.33125
2004/7/16,1.3275
2004/7/19,1.3275
2004/7/20,1.32375
2004/7/21,1.3225
2004/7/22,1.3325
2004/7/23,1.3325
2004/7/26,1.33125
2004/7/27,1.3375
2004/7/28,1.335
2004/7/29,1.3425
2004/7/30,1.3425
2004/8/2,1.355
2004/8/3,1.38125
2004/8/4,1.42375
2004/8/5,1.5275
2004/8/6,1.55375
2004/8/9,1.5525
2004/8/10,1.55875
2004/8/11,1.5625
2004/8/12,1.5625
2004/8/13,1.5625
2004/8/16,1.56875
2004/8/17,1.5675
2004/8/18,1.5625
2004/8/19,1.56375
2004/8/20,1.56375
2004/8/23,1.57
2004/8/24,1.5725
2004/8/25,1.57
2004/8/26,1.5775
2004/8/27,1.5775
2004/8/30,.
2004/8/31,1.57375
2004/9/1,1.575
2004/9/2,1.575
2004/9/3,1.57563
2004/9/6,1.5725
2004/9/7,1.57625
2004/9/8,1.57625
2004/9/9,1.5825
2004/9/10,1.59375
2004/9/13,1.615
2004/9/14,1.64625
2004/9/15,1.67625
2004/9/16,1.76875
2004/9/17,1.80625
2004/9/20,1.81125
2004/9/21,1.81625
2004/9/22,1.81625
2004/9/23,1.82
2004/9/24,1.82125
2004/9/27,1.83
2004/9/28,1.83625
2004/9/29,1.82688
2004/9/30,1.82813
2004/10/1,1.82563
2004/10/4,1.82563
2004/10/5,1.82313
2004/10/6,1.82
2004/10/7,1.82625
2004/10/8,1.82375
2004/10/11,1.82125
2004/10/12,1.82625
2004/10/13,1.82625
2004/10/14,1.82875
2004/10/15,1.8275
2004/10/18,1.825
2004/10/19,1.82313
2004/10/20,1.82125
2004/10/21,1.83188
2004/10/22,1.83625
2004/10/25,1.84
2004/10/26,1.84375
2004/10/27,1.84125
2004/10/28,1.84
2004/10/29,1.845
2004/11/1,1.845
2004/11/2,1.87875
2004/11/3,1.89125
2004/11/4,1.9875
2004/11/5,2.0375
2004/11/8,2.0625
2004/11/9,2.0675
2004/11/10,2.07
2004/11/11,2.07563
2004/11/12,2.07313
2004/11/15,2.07688
2004/11/16,2.07625
2004/11/17,2.07313
2004/11/18,2.0775
2004/11/19,2.07563
2004/11/22,2.08625
2004/11/23,2.08875
2004/11/24,2.09
2004/11/25,2.09
2004/11/26,2.08875
2004/11/29,2.09
2004/11/30,2.0925
2004/12/1,2.0875
2004/12/2,2.09313
2004/12/3,2.10125
2004/12/6,2.1375
2004/12/7,2.18125
2004/12/8,2.20375
2004/12/9,2.295
2004/12/10,2.31375
2004/12/13,2.3225
2004/12/14,2.32875
2004/12/15,2.3275
2004/12/16,2.32375
2004/12/17,2.32625
2004/12/20,2.32563
2004/12/21,2.32313
2004/12/22,2.3225
2004/12/23,2.47
2004/12/24,2.4725
2004/12/27,.
2004/12/28,.
2004/12/29,2.51625
2004/12/30,2.3375
2004/12/31,2.33625
2005/1/3,.
2005/1/4,2.32938
2005/1/5,2.32875
2005/1/6,2.33
2005/1/7,2.32875
2005/1/10,2.32875
2005/1/11,2.33
2005/1/12,2.33
2005/1/13,2.33125
2005/1/14,2.335
2005/1/17,2.33375
2005/1/18,2.33375
2005/1/19,2.33125
2005/1/20,2.33375
2005/1/21,2.34
2005/1/24,2.35
2005/1/25,2.375
2005/1/26,2.40875
2005/1/27,2.51875
2005/1/28,2.555
2005/1/31,2.56
2005/2/1,2.56375
2005/2/2,2.56
2005/2/3,2.5625
2005/2/4,2.56375
2005/2/7,2.56875
2005/2/8,2.57
2005/2/9,2.57
2005/2/10,2.57
2005/2/11,2.57
2005/2/14,2.57
2005/2/15,2.57
2005/2/16,2.5675
2005/2/17,2.57125
2005/2/18,2.575
2005/2/21,2.57375
2005/2/22,2.5725
2005/2/23,2.5725
2005/2/24,2.57625
2005/2/25,2.5775
2005/2/28,2.5775
2005/3/1,2.5775
2005/3/2,2.57
2005/3/3,2.57125
2005/3/4,2.57438
2005/3/7,2.58
2005/3/8,2.57875
2005/3/9,2.57875
2005/3/10,2.59625
2005/3/11,2.62875
2005/3/14,2.655
2005/3/15,2.70375
2005/3/16,2.75875
2005/3/17,2.81375
2005/3/18,2.825
2005/3/21,2.83
2005/3/22,2.82875
2005/3/23,2.84375
2005/3/24,2.8475
2005/3/25,.
2005/3/28,.
2005/3/29,2.84625
2005/3/30,2.845
2005/3/31,2.83625
2005/4/1,2.83625
2005/4/4,2.83188
2005/4/5,2.82875
2005/4/6,2.82625
2005/4/7,2.83
2005/4/8,2.83
2005/4/11,2.8325
2005/4/12,2.83375
2005/4/13,2.845
2005/4/14,2.83625
2005/4/15,2.8345
2005/4/18,2.83
2005/4/19,2.8275
2005/4/20,2.8275
2005/4/21,2.89125
2005/4/22,2.9225
2005/4/25,2.955
2005/4/26,2.99625
2005/4/27,3.035
2005/4/28,3.05625
2005/4/29,3.06125
2005/5/2,.
2005/5/3,3.06
2005/5/4,3.06
2005/5/5,3.06
2005/5/6,3.06
2005/5/9,3.06313
2005/5/10,3.06313
2005/5/11,3.06188
2005/5/12,3.06375
2005/5/13,3.06125
2005/5/16,3.0625
2005/5/17,3.06
2005/5/18,3.06
2005/5/19,3.06
2005/5/20,3.06
2005/5/23,3.06875
2005/5/24,3.06875
2005/5/25,3.06875
2005/5/26,3.07
2005/5/27,3.06625
2005/5/30,.
2005/5/31,3.07
2005/6/1,3.0675
2005/6/2,3.065
2005/6/3,3.06375
2005/6/6,3.065
2005/6/7,3.06938
2005/6/8,3.07
2005/6/9,3.07
2005/6/10,3.07
2005/6/13,3.07
2005/6/14,3.07
2005/6/15,3.07
2005/6/16,3.0725
2005/6/17,3.0875
2005/6/20,3.09875
2005/6/21,3.1325
2005/6/22,3.21
2005/6/23,3.30625
2005/6/24,3.31875
2005/6/27,3.325
2005/6/28,3.325
2005/6/29,3.32375
2005/6/30,3.3175
2005/7/1,3.31375
2005/7/4,3.31531
2005/7/5,3.31688
2005/7/6,3.31813
2005/7/7,3.32
2005/7/8,3.32
2005/7/11,3.31938
2005/7/12,3.31875
2005/7/13,3.3175
2005/7/14,3.3175
2005/7/15,3.32125
2005/7/18,3.31875
2005/7/19,3.31938
2005/7/20,3.31313
2005/7/21,3.31938
2005/7/22,3.32375
2005/7/25,3.3275
2005/7/26,3.33375
2005/7/27,3.3375
2005/7/28,3.35625
2005/7/29,3.37188
2005/8/1,3.4025
2005/8/2,3.4575
2005/8/3,3.4875
2005/8/4,3.54125
2005/8/5,3.55375
2005/8/8,3.5575
2005/8/9,3.55875
2005/8/10,3.55563
2005/8/11,3.55875
2005/8/12,3.55813
2005/8/15,3.55813
2005/8/16,3.55563
2005/8/17,3.55625
2005/8/18,3.55688
2005/8/19,3.55563
2005/8/22,3.55438
2005/8/23,3.56
2005/8/24,3.56125
2005/8/25,3.565
2005/8/26,3.5675
2005/8/29,.
2005/8/30,3.57625
2005/8/31,3.57875
2005/9/1,3.57375
2005/9/2,3.55875
2005/9/5,3.5625
2005/9/6,3.56625
2005/9/7,3.56625
2005/9/8,3.59875
2005/9/9,3.62563
2005/9/12,3.65875
2005/9/13,3.69125
2005/9/14,3.72375
2005/9/15,3.76125
2005/9/16,3.7725
2005/9/19,3.785
2005/9/20,3.79
2005/9/21,3.79625
2005/9/22,3.82625
2005/9/23,3.835
2005/9/26,3.84
2005/9/27,3.84438
2005/9/28,3.85375
2005/9/29,3.82625
2005/9/30,3.82125
2005/10/3,3.81125
2005/10/4,3.81125
2005/10/5,3.80625
2005/10/6,3.81
2005/10/7,3.81125
2005/10/10,3.81125
2005/10/11,3.815
2005/10/12,3.81688
2005/10/13,3.82125
2005/10/14,3.81875
2005/10/17,3.82
2005/10/18,3.81875
2005/10/19,3.82125
2005/10/20,3.88375
2005/10/21,3.92875
2005/10/24,3.95
2005/10/25,3.99813
2005/10/26,4.02875
2005/10/27,4.06
2005/10/28,4.06
2005/10/31,4.06125
2005/11/1,4.0625
2005/11/2,4.06
2005/11/3,4.06
2005/11/4,4.06
2005/11/7,4.06063
2005/11/8,4.06375
2005/11/9,4.06375
2005/11/10,4.06375
2005/11/11,4.06688
2005/11/14,4.065
2005/11/15,4.06375
2005/11/16,4.06125
2005/11/17,4.06125
2005/11/18,4.06125
2005/11/21,4.06
2005/11/22,4.06625
2005/11/23,4.06813
2005/11/24,4.07
2005/11/25,4.07
2005/11/28,4.07813
2005/11/29,4.0775
2005/11/30,4.07625
2005/12/1,4.11
2005/12/2,4.14
2005/12/5,4.185
2005/12/6,4.21875
2005/12/7,4.24375
2005/12/8,4.29375
2005/12/9,4.30688
2005/12/12,4.30563
2005/12/13,4.31
2005/12/14,4.3075
2005/12/15,4.30938
2005/12/16,4.30625
2005/12/19,4.3025
2005/12/20,4.3025
2005/12/21,4.305
2005/12/22,4.44875
2005/12/23,4.4525
2005/12/26,.
2005/12/27,.
2005/12/28,4.45563
2005/12/29,4.32625
2005/12/30,4.31625
2006/1/2,.
2006/1/3,4.32125
2006/1/4,4.31625
2006/1/5,4.31563
2006/1/6,4.3125
2006/1/9,4.315
2006/1/10,4.3175
2006/1/11,4.31688
2006/1/12,4.31938
2006/1/13,4.31938
2006/1/16,4.32
2006/1/17,4.31563
2006/1/18,4.31938
2006/1/19,4.35625
2006/1/20,4.39063
2006/1/23,4.4225
2006/1/24,4.46
2006/1/25,4.49313
2006/1/26,4.54
2006/1/27,4.55
2006/1/30,4.5525
2006/1/31,4.55625
2006/2/1,4.555
2006/2/2,4.55313
2006/2/3,4.55
2006/2/6,4.5525
2006/2/7,4.55688
2006/2/8,4.55625
2006/2/9,4.55875
2006/2/10,4.56
2006/2/13,4.56
2006/2/14,4.56
2006/2/15,4.55875
2006/2/16,4.56
2006/2/17,4.56
2006/2/20,4.56
2006/2/21,4.56
2006/2/22,4.56
2006/2/23,4.56
2006/2/24,4.56
2006/2/27,4.56125
2006/2/28,4.56
2006/3/1,4.56063
2006/3/2,4.56281
2006/3/3,4.56281
2006/3/6,4.56281
2006/3/7,4.56344
2006/3/8,4.56438
2006/3/9,4.56313
2006/3/10,4.56938
2006/3/13,4.5675
2006/3/14,4.57
2006/3/15,4.57125
2006/3/16,4.62125
2006/3/17,4.65313
2006/3/20,4.69375
2006/3/21,4.72563
2006/3/22,4.7625
2006/3/23,4.835
2006/3/24,4.84375
2006/3/27,4.845
2006/3/28,4.85
2006/3/29,4.85125
2006/3/30,4.81188
2006/3/31,4.81375
2006/4/3,4.81375
2006/4/4,4.81438
2006/4/5,4.81563
2006/4/6,4.815
2006/4/7,4.815
2006/4/10,4.81813
2006/4/11,4.82
2006/4/12,4.81938
2006/4/13,4.82125
2006/4/14,.
2006/4/17,.
2006/4/18,4.8175
2006/4/19,4.81563
2006/4/20,4.83
2006/4/21,4.8375
2006/4/24,4.84688
2006/4/25,4.85813
2006/4/26,4.8725
2006/4/27,4.91438
2006/4/28,4.93625
2006/5/1,.
2006/5/2,4.97125
2006/5/3,5.00875
2006/5/4,5.04313
2006/5/5,5.05438
2006/5/8,5.06063
2006/5/9,5.06063
2006/5/10,5.06063
2006/5/11,5.06188
2006/5/12,5.06125
2006/5/15,5.06063
2006/5/16,5.06063
2006/5/17,5.06
2006/5/18,5.06
2006/5/19,5.065
2006/5/22,5.06
2006/5/23,5.065
2006/5/24,5.06688
2006/5/25,5.06875
2006/5/26,5.06875
2006/5/29,.
2006/5/30,5.06625
2006/5/31,5.06813
2006/6/1,5.06938
2006/6/2,5.065
2006/6/5,5.06375
2006/6/6,5.06375
2006/6/7,5.0675
2006/6/8,5.07
2006/6/9,5.07
2006/6/12,5.07
2006/6/13,5.0725
2006/6/14,5.07188
2006/6/15,5.09
2006/6/16,5.11
2006/6/19,5.12625
2006/6/20,5.1525
2006/6/21,5.19125
2006/6/22,5.3
2006/6/23,5.33125
2006/6/26,5.34625
2006/6/27,5.36
2006/6/28,5.37313
2006/6/29,5.33875
2006/6/30,5.3225
2006/7/3,5.32
2006/7/4,5.3175
2006/7/5,5.3125
2006/7/6,5.315
2006/7/7,5.315
2006/7/10,5.31313
2006/7/11,5.31344
2006/7/12,5.31
2006/7/13,5.31375
2006/7/14,5.31375
2006/7/17,5.31063
2006/7/18,5.31
2006/7/19,5.31
2006/7/20,5.31
2006/7/21,5.3125
2006/7/24,5.31
2006/7/25,5.31438
2006/7/26,5.32
2006/7/27,5.33375
2006/7/28,5.3325
2006/7/31,5.33063
2006/8/1,5.33188
2006/8/2,5.34438
2006/8/3,5.3625
2006/8/4,5.38563
2006/8/7,5.34563
2006/8/8,5.34813
2006/8/9,5.31
2006/8/10,5.31
2006/8/11,5.3125
2006/8/14,5.31375
2006/8/15,5.31188
2006/8/16,5.31
2006/8/17,5.3075
2006/8/18,5.30875
2006/8/21,5.3075
2006/8/22,5.30438
2006/8/23,5.30938
2006/8/24,5.3125
2006/8/25,5.31125
2006/8/28,.
2006/8/29,5.31375
2006/8/30,5.31063
2006/8/31,5.30875
2006/9/1,5.30875
2006/9/4,5.3075
2006/9/5,5.30563
2006/9/6,5.30313
2006/9/7,5.30938
2006/9/8,5.31
2006/9/11,5.31
2006/9/12,5.31
2006/9/13,5.31125
2006/9/14,5.3075
2006/9/15,5.30625
2006/9/18,5.30313
2006/9/19,5.30188
2006/9/20,5.3
2006/9/21,5.325
2006/9/22,5.32313
2006/9/25,5.32563
2006/9/26,5.32375
2006/9/27,5.32813
2006/9/28,5.3125
2006/9/29,5.31063
2006/10/2,5.31125
2006/10/3,5.3075
2006/10/4,5.30563
2006/10/5,5.30375
2006/10/6,5.30313
2006/10/9,5.30438
2006/10/10,5.30375
2006/10/11,5.30438
2006/10/12,5.30563
2006/10/13,5.30383
2006/10/16,5.30563
2006/10/17,5.30563
2006/10/18,5.30188
2006/10/19,5.3
2006/10/20,5.30063
2006/10/23,5.30875
2006/10/24,5.30625
2006/10/25,5.30563
2006/10/26,5.30813
2006/10/27,5.31
2006/10/30,5.30375
2006/10/31,5.30563
2006/11/1,5.30625
2006/11/2,5.30563
2006/11/3,5.30625
2006/11/6,5.305
2006/11/7,5.305
2006/11/8,5.30375
2006/11/9,5.305
2006/11/10,5.305
2006/11/13,5.30125
2006/11/14,5.30141
2006/11/15,5.30125
2006/11/16,5.3
2006/11/17,5.3
2006/11/20,5.3025
2006/11/21,5.30625
2006/11/22,5.30625
2006/11/23,5.30625
2006/11/24,5.30688
2006/11/27,5.30649
2006/11/28,5.30688
2006/11/29,5.30274
2006/11/30,5.30222
2006/12/1,5.30063
2006/12/4,5.30063
2006/12/5,5.3
2006/12/6,5.3
2006/12/7,5.3
2006/12/8,5.3
2006/12/11,5.305
2006/12/12,5.305
2006/12/13,5.30375
2006/12/14,5.30188
2006/12/15,5.3025
2006/12/18,5.30438
2006/12/19,5.30305
2006/12/20,5.30438
2006/12/21,5.36938
2006/12/22,5.36875
2006/12/25,.
2006/12/26,.
2006/12/27,5.36688
2006/12/28,5.315
2006/12/29,5.31375
2007/1/1,.
2007/1/2,5.31
2007/1/3,5.30625
2007/1/4,5.30625
2007/1/5,5.30375
2007/1/8,5.30313
2007/1/9,5.30813
2007/1/10,5.30938
2007/1/11,5.30875
2007/1/12,5.305
2007/1/15,5.30625
2007/1/16,5.30375
2007/1/17,5.30375
2007/1/18,5.30188
2007/1/19,5.30375
2007/1/22,5.30063
2007/1/23,5.30438
2007/1/24,5.30188
2007/1/25,5.305
2007/1/26,5.30563
2007/1/29,5.3075
2007/1/30,5.30563
2007/1/31,5.30313
2007/2/1,5.30313
2007/2/2,5.30313
2007/2/5,5.30313
2007/2/6,5.30313
2007/2/7,5.3025
2007/2/8,5.30313
2007/2/9,5.30313
2007/2/12,5.3025
2007/2/13,5.30375
2007/2/14,5.30438
2007/2/15,5.305
2007/2/16,5.30438
2007/2/19,5.30438
2007/2/20,5.30875
2007/2/21,5.30875
2007/2/22,5.31
2007/2/23,5.30938
2007/2/26,5.31
2007/2/27,5.31
2007/2/28,5.30875
2007/3/1,5.3085
2007/3/2,5.3085
2007/3/5,5.30475
2007/3/6,5.30813
2007/3/7,5.30813
2007/3/8,5.30813
2007/3/9,5.30938
2007/3/12,5.31
2007/3/13,5.31
2007/3/14,5.31
2007/3/15,5.31
2007/3/16,5.31
2007/3/19,5.31
2007/3/20,5.31
2007/3/21,5.30975
2007/3/22,5.33
2007/3/23,5.335
2007/3/26,5.335
2007/3/27,5.33563
2007/3/28,5.34125
2007/3/29,5.31875
2007/3/30,5.31813
2007/4/2,5.31563
2007/4/3,5.31438
2007/4/4,5.31475
2007/4/5,5.31625
2007/4/6,.
2007/4/9,.
2007/4/10,5.3185
2007/4/11,5.32
2007/4/12,5.32
2007/4/13,5.32
2007/4/16,5.32
2007/4/17,5.32
2007/4/18,5.32
2007/4/19,5.31563
2007/4/20,5.31938
2007/4/23,5.32
2007/4/24,5.32
2007/4/25,5.32
2007/4/26,5.32
2007/4/27,5.32
2007/4/30,5.31875
2007/5/1,5.31688
2007/5/2,5.31625
2007/5/3,5.31563
2007/5/4,5.31563
2007/5/7,.
2007/5/8,5.31188
2007/5/9,5.31388
2007/5/10,5.3145
2007/5/11,5.3145
2007/5/14,5.312
2007/5/15,5.3135
2007/5/16,5.31475
2007/5/17,5.31488
2007/5/18,5.31488
2007/5/21,5.31425
2007/5/22,5.31625
2007/5/23,5.3195
2007/5/24,5.32
2007/5/25,5.32
2007/5/28,.
2007/5/29,5.32
2007/5/30,5.31813
2007/5/31,5.31938
2007/6/1,5.31688
2007/6/4,5.31625
2007/6/5,5.3175
2007/6/6,5.3175
2007/6/7,5.31813
2007/6/8,5.3185
2007/6/11,5.32
2007/6/12,5.32
2007/6/13,5.32
2007/6/14,5.32
2007/6/15,5.32
2007/6/18,5.31875
2007/6/19,5.31825
2007/6/20,5.31725
2007/6/21,5.33625
2007/6/22,5.34
2007/6/25,5.34375
2007/6/26,5.35
2007/6/27,5.355
2007/6/28,5.32
2007/6/29,5.32
2007/7/2,5.31875
2007/7/3,5.31725
2007/7/4,5.3185
2007/7/5,5.3185
2007/7/6,5.316
2007/7/9,5.31413
2007/7/10,5.31538
2007/7/11,5.31663
2007/7/12,5.31725
2007/7/13,5.31688
2007/7/16,5.31513
2007/7/17,5.31188
2007/7/18,5.31163
2007/7/19,5.3135
2007/7/20,5.31388
2007/7/23,5.3185
2007/7/24,5.32
2007/7/25,5.32
2007/7/26,5.32
2007/7/27,5.32125
2007/7/30,5.32063
2007/7/31,5.32063
2007/8/1,5.32125
2007/8/2,5.32125
2007/8/3,5.32
2007/8/6,5.32
2007/8/7,5.32
2007/8/8,5.34063
2007/8/9,5.6625
2007/8/10,6.00625
2007/8/13,5.825
2007/8/14,5.56625
2007/8/15,5.4875
2007/8/16,5.38875
2007/8/17,5.41875
2007/8/20,5.405
2007/8/21,5.42125
2007/8/22,5.41063
2007/8/23,5.425
2007/8/24,5.42625
2007/8/27,.
2007/8/28,5.45
2007/8/29,5.6
2007/8/30,5.695
2007/8/31,5.70625
2007/9/3,5.7725
2007/9/4,5.78125
2007/9/5,5.7675
2007/9/6,5.755
2007/9/7,5.73625
2007/9/10,5.6925
2007/9/11,5.62125
2007/9/12,5.425
2007/9/13,5.35
2007/9/14,5.26938
2007/9/17,5.275
2007/9/18,5.25875
2007/9/19,4.9725
2007/9/20,5.02875
2007/9/21,5.0375
2007/9/24,5.0525
2007/9/25,5.0725
2007/9/26,5.07125
2007/9/27,5.0625
2007/9/28,5.06125
2007/10/1,5.05563
2007/10/2,5.06125
2007/10/3,5.05625
2007/10/4,5.04625
2007/10/5,5.02625
2007/10/8,5.01625
2007/10/9,4.9975
2007/10/10,4.98875
2007/10/11,4.9775
2007/10/12,4.9475
2007/10/15,4.92625
2007/10/16,4.91875
2007/10/17,4.89875
2007/10/18,4.88625
2007/10/19,4.86125
2007/10/22,4.8425
2007/10/23,4.84875
2007/10/24,4.84625
2007/10/25,4.80875
2007/10/26,4.8
2007/10/29,4.77875
2007/10/30,4.75125
2007/10/31,4.71375
2007/11/1,4.65
2007/11/2,4.65
2007/11/5,4.64625
2007/11/6,4.64563
2007/11/7,4.63375
2007/11/8,4.6275
2007/11/9,4.62625
2007/11/12,4.62375
2007/11/13,4.6275
2007/11/14,4.66375
2007/11/15,4.71375
2007/11/16,4.7425
2007/11/19,4.73
2007/11/20,4.7475
2007/11/21,4.75
2007/11/22,4.77375
2007/11/23,4.77
2007/11/26,4.795
2007/11/27,4.8075
2007/11/28,4.8425
2007/11/29,4.8675
2007/11/30,4.87375
2007/12/3,4.8675
2007/12/4,4.875
2007/12/5,4.86375
2007/12/6,4.85
2007/12/7,4.73625
2007/12/10,4.59875
2007/12/11,4.45
2007/12/12,4.36875
2007/12/13,4.36125
2007/12/14,4.3525
2007/12/17,4.36375
2007/12/18,4.38625
2007/12/19,4.38875
2007/12/20,4.39125
2007/12/21,5.09375
2007/12/24,5.0875
2007/12/25,.
2007/12/26,.
2007/12/27,5.06
2007/12/28,4.4725
2007/12/31,4.4875
2008/1/1,.
2008/1/2,4.49875
2008/1/3,4.4975
2008/1/4,4.4775
2008/1/7,4.39375
2008/1/8,4.37375
2008/1/9,4.34375
2008/1/10,4.33
2008/1/11,4.30875
2008/1/14,4.3
2008/1/15,4.29938
2008/1/16,4.2925
2008/1/17,4.2925
2008/1/18,4.285
2008/1/21,4.28
2008/1/22,4.13
2008/1/23,3.48875
2008/1/24,3.42625
2008/1/25,3.39625
2008/1/28,3.3525
2008/1/29,3.31625
2008/1/30,3.2775
2008/1/31,3.1475
2008/2/1,3.14875
2008/2/4,3.19375
2008/2/5,3.24625
2008/2/6,3.19875
2008/2/7,3.1175
2008/2/8,3.10875
2008/2/11,3.10375
2008/2/12,3.1075
2008/2/13,3.115
2008/2/14,3.12563
2008/2/15,3.13625
2008/2/18,3.13375
2008/2/19,3.13875
2008/2/20,3.145
2008/2/21,3.15313
2008/2/22,3.135
2008/2/25,3.14188
2008/2/26,3.14125
2008/2/27,3.1425
2008/2/28,3.1425
2008/2/29,3.1375
2008/3/3,3.13625
2008/3/4,3.13438
2008/3/5,3.13375
2008/3/6,3.12813
2008/3/7,3.10688
2008/3/10,3.08
2008/3/11,3.0425
2008/3/12,2.95625
2008/3/13,2.87625
2008/3/14,2.76
2008/3/17,2.6025
2008/3/18,2.63
2008/3/19,2.68625
2008/3/20,2.7625
2008/3/21,.
2008/3/24,.
2008/3/25,2.835
2008/3/26,2.9275
2008/3/27,3.04375
2008/3/28,2.97
2008/3/31,2.95375
2008/4/1,2.99125
2008/4/2,2.97625
2008/4/3,2.935
2008/4/4,2.86125
2008/4/7,2.82875
2008/4/8,2.82125
2008/4/9,2.80625
2008/4/10,2.7925
2008/4/11,2.75125
2008/4/14,2.7375
2008/4/15,2.72625
2008/4/16,2.74
2008/4/17,2.77625
2008/4/18,2.80625
2008/4/21,2.8025
2008/4/22,2.83313
2008/4/23,2.83375
2008/4/24,2.81625
2008/4/25,2.78875
2008/4/28,2.75875
2008/4/29,2.7075
2008/4/30,2.68188
2008/5/1,2.6075
2008/5/2,2.605
2008/5/5,.
2008/5/6,2.585
2008/5/7,2.53375
2008/5/8,2.4725
2008/5/9,2.4225
2008/5/12,2.4
2008/5/13,2.3975
2008/5/14,2.4
2008/5/15,2.39625
2008/5/16,2.3975
2008/5/19,2.38625
2008/5/20,2.335
2008/5/21,2.3025
2008/5/22,2.29875
2008/5/23,2.29375
2008/5/26,.
2008/5/27,2.30875
2008/5/28,2.36
2008/5/29,2.41813
2008/5/30,2.43
2008/6/2,2.42125
2008/6/3,2.40625
2008/6/4,2.38313
2008/6/5,2.3525
2008/6/6,2.34125
2008/6/9,2.31875
2008/6/10,2.31125
2008/6/11,2.3
2008/6/12,2.29625
2008/6/13,2.2975
2008/6/16,2.30375
2008/6/17,2.3
2008/6/18,2.3025
2008/6/19,2.3
2008/6/20,2.6975
2008/6/23,2.69875
2008/6/24,2.69125
2008/6/25,2.68
2008/6/26,2.7025
2008/6/27,2.46875
2008/6/30,2.45625
2008/7/1,2.45875
2008/7/2,2.4625
2008/7/3,2.4575
2008/7/4,2.45
2008/7/7,2.44875
2008/7/8,2.4425
2008/7/9,2.43375
2008/7/10,2.42125
2008/7/11,2.41125
2008/7/14,2.405
2008/7/15,2.4025
2008/7/16,2.395
2008/7/17,2.395
2008/7/18,2.37438
2008/7/21,2.36625
2008/7/22,2.36625
2008/7/23,2.39188
2008/7/24,2.38938
2008/7/25,2.38938
2008/7/28,2.42875
2008/7/29,2.4625
2008/7/30,2.45563
2008/7/31,2.435
2008/8/1,2.41375
2008/8/4,2.41063
2008/8/5,2.41625
2008/8/6,2.40625
2008/8/7,2.415
2008/8/8,2.40875
2008/8/11,2.40125
2008/8/12,2.39875
2008/8/13,2.40188
2008/8/14,2.39938
2008/8/15,2.39813
2008/8/18,2.395
2008/8/19,2.39188
2008/8/20,2.37875
2008/8/21,2.41375
2008/8/22,2.4175
2008/8/25,.
2008/8/26,2.4275
2008/8/27,2.44
2008/8/28,2.415
2008/8/29,2.40625
2008/9/1,2.395
2008/9/2,2.39375
2008/9/3,2.39
2008/9/4,2.37875
2008/9/5,2.37563
2008/9/8,2.36375
2008/9/9,2.3525
2008/9/10,2.3475
2008/9/11,2.34375
2008/9/12,2.34
2008/9/15,2.49375
2008/9/16,3.875
2008/9/17,4.36875
2008/9/18,4.3375
2008/9/19,3.83125
2008/9/22,3.83125
2008/9/23,3.84375
2008/9/24,3.9375
2008/9/25,4
2008/9/26,3.96875
2008/9/29,3.89375
2008/9/30,4.25
2008/10/1,4.15625
2008/10/2,4.06875
2008/10/3,4.04875
2008/10/6,3.9375
2008/10/7,4.16875
2008/10/8,4.51875
2008/10/9,4.7625
2008/10/10,4.6875
2008/10/13,4.575
2008/10/14,4.075
2008/10/15,3.825
2008/10/16,3.45
2008/10/17,3.15625
2008/10/20,2.71875
2008/10/21,2.4375
2008/10/22,2.16875
2008/10/23,2.1975
2008/10/24,2.1625
2008/10/27,2.13875
2008/10/28,2.09125
2008/10/29,2.01625
2008/10/30,1.6375
2008/10/31,1.31875
2008/11/3,1.04375
2008/11/4,0.98125
2008/11/5,0.93625
2008/11/6,0.85
2008/11/7,0.8625
2008/11/10,0.8375
2008/11/11,0.8025
2008/11/12,0.84
2008/11/13,0.875
2008/11/14,0.9125
2008/11/17,0.91875
2008/11/18,0.94375
2008/11/19,0.91875
2008/11/20,0.9625
2008/11/21,1.03875
2008/11/24,1.0875
2008/11/25,1.13125
2008/11/26,1.1725
2008/11/27,1.18875
2008/11/28,1.21125
2008/12/1,1.20625
2008/12/2,1.19875
2008/12/3,1.18625
2008/12/4,1.05625
2008/12/5,0.91875
2008/12/8,0.7375
2008/12/9,0.6
2008/12/10,0.49375
2008/12/11,0.39375
2008/12/12,0.3625
2008/12/15,0.32
2008/12/16,0.325
2008/12/17,0.27
2008/12/18,0.26125
2008/12/19,0.26
2008/12/22,0.265
2008/12/23,0.48625
2008/12/24,0.44
2008/12/25,.
2008/12/26,.
2008/12/29,0.44875
2008/12/30,0.40063
2008/12/31,0.385
2009/1/1,.
2009/1/2,0.31375
2009/1/5,0.29
2009/1/6,0.2975
2009/1/7,0.28375
2009/1/8,0.26625
2009/1/9,0.2475
2009/1/12,0.24625
2009/1/13,0.23625
2009/1/14,0.2325
2009/1/15,0.24125
2009/1/16,0.24313
2009/1/19,0.24188
2009/1/20,0.2425
2009/1/21,0.25875
2009/1/22,0.29125
2009/1/23,0.2975
2009/1/26,0.31
2009/1/27,0.3175
2009/1/28,0.30875
2009/1/29,0.31625
2009/1/30,0.32375
2009/2/2,0.34125
2009/2/3,0.35125
2009/2/4,0.3625
2009/2/5,0.3625
2009/2/6,0.36125
2009/2/9,0.35375
2009/2/10,0.35625
2009/2/11,0.3525
2009/2/12,0.36
2009/2/13,0.35875
2009/2/16,0.36375
2009/2/17,0.36438
2009/2/18,0.36625
2009/2/19,0.37
2009/2/20,0.36875
2009/2/23,0.36375
2009/2/24,0.37625
2009/2/25,0.36875
2009/2/26,0.37125
2009/2/27,0.3775
2009/3/2,0.375
2009/3/3,0.38125
2009/3/4,0.38625
2009/3/5,0.3875
2009/3/6,0.395
2009/3/9,0.4025
2009/3/10,0.40625
2009/3/11,0.41063
2009/3/12,0.41125
2009/3/13,0.405
2009/3/16,0.40938
2009/3/17,0.40875
2009/3/18,0.40625
2009/3/19,0.4025
2009/3/20,0.39875
2009/3/23,0.435
2009/3/24,0.44625
2009/3/25,0.45125
2009/3/26,0.45938
2009/3/27,0.46063
2009/3/30,0.43938
2009/3/31,0.4275
2009/4/1,0.40875
2009/4/2,0.4
2009/4/3,0.3875
2009/4/6,0.38375
2009/4/7,0.3825
2009/4/8,0.38375
2009/4/9,0.36875
2009/4/10,.
2009/4/13,.
2009/4/14,0.3575
2009/4/15,0.35563
2009/4/16,0.35063
2009/4/17,0.3475
2009/4/20,0.33438
2009/4/21,0.325
2009/4/22,0.3275
2009/4/23,0.32188
2009/4/24,0.32125
2009/4/27,0.32125
2009/4/28,0.33125
2009/4/29,0.33125
2009/4/30,0.32875
2009/5/1,0.33125
2009/5/4,.
2009/5/5,0.32125
2009/5/6,0.31875
2009/5/7,0.3125
2009/5/8,0.3075
2009/5/11,0.30125
2009/5/12,0.29875
2009/5/13,0.29438
2009/5/14,0.29125
2009/5/15,0.28813
2009/5/18,0.28063
2009/5/19,0.28125
2009/5/20,0.28125
2009/5/21,0.28375
2009/5/22,0.28188
2009/5/25,.
2009/5/26,0.2775
2009/5/27,0.28625
2009/5/28,0.28875
2009/5/29,0.29125
2009/6/1,0.29375
2009/6/2,0.29063
2009/6/3,0.29
2009/6/4,0.28875
2009/6/5,0.29125
2009/6/8,0.29063
2009/6/9,0.29438
2009/6/10,0.29375
2009/6/11,0.2925
2009/6/12,0.29
2009/6/15,0.28813
2009/6/16,0.28813
2009/6/17,0.28563
2009/6/18,0.2875
2009/6/19,0.28875
2009/6/22,0.295
2009/6/23,0.29688
2009/6/24,0.29438
2009/6/25,0.29438
2009/6/26,0.29438
2009/6/29,0.29188
2009/6/30,0.29
2009/7/1,0.2875
2009/7/2,0.28438
2009/7/3,0.2825
2009/7/6,0.28375
2009/7/7,0.27938
2009/7/8,0.27625
2009/7/9,0.27563
2009/7/10,0.27125
2009/7/13,0.26938
2009/7/14,0.26938
2009/7/15,0.26563
2009/7/16,0.26813
2009/7/17,0.26688
2009/7/20,0.26375
2009/7/21,0.26375
2009/7/22,0.2625
2009/7/23,0.2625
2009/7/24,0.2625
2009/7/27,0.26125
2009/7/28,0.25938
2009/7/29,0.26188
2009/7/30,0.25938
2009/7/31,0.25875
2009/8/3,0.25875
2009/8/4,0.26
2009/8/5,0.26125
2009/8/6,0.26125
2009/8/7,0.2625
2009/8/10,0.2625
2009/8/11,0.26125
2009/8/12,0.26125
2009/8/13,0.26
2009/8/14,0.26
2009/8/17,0.26
2009/8/18,0.25625
2009/8/19,0.25625
2009/8/20,0.25438
2009/8/21,0.25438
2009/8/24,0.25563
2009/8/25,0.25438
2009/8/26,0.25313
2009/8/27,0.25063
2009/8/28,0.24875
2009/8/31,.
2009/9/1,0.25125
2009/9/2,0.24875
2009/9/3,0.24875
2009/9/4,0.24875
2009/9/7,0.2475
2009/9/8,0.2475
2009/9/9,0.24213
2009/9/10,0.24063
2009/9/11,0.24025
2009/9/14,0.23938
2009/9/15,0.23938
2009/9/16,0.23938
2009/9/17,0.24063
2009/9/18,0.24188
2009/9/21,0.24313
2009/9/22,0.24188
2009/9/23,0.24188
2009/9/24,0.24063
2009/9/25,0.24063
2009/9/28,0.24063
2009/9/29,0.23938
2009/9/30,0.23875
2009/10/1,0.23875
2009/10/2,0.23563
2009/10/5,0.23625
2009/10/6,0.23688
2009/10/7,0.23563
2009/10/8,0.235
2009/10/9,0.23
2009/10/12,0.23125
2009/10/13,0.23188
2009/10/14,0.23188
2009/10/15,0.23188
2009/10/16,0.23188
2009/10/19,0.22938
2009/10/20,0.22938
2009/10/21,0.2275
2009/10/22,0.22688
2009/10/23,0.22688
2009/10/26,0.22563
2009/10/27,0.225
2009/10/28,0.22313
2009/10/29,0.22063
2009/10/30,0.22125
2009/11/2,0.22
2009/11/3,0.22
2009/11/4,0.22
2009/11/5,0.22
2009/11/6,0.21688
2009/11/9,0.21625
2009/11/10,0.21625
2009/11/11,0.21625
2009/11/12,0.21625
2009/11/13,0.21625
2009/11/16,0.21625
2009/11/17,0.21563
2009/11/18,0.21563
2009/11/19,0.21563
2009/11/20,0.215
2009/11/23,0.2175
2009/11/24,0.21625
2009/11/25,0.21625
2009/11/26,0.215
2009/11/27,0.215
2009/11/30,0.21625
2009/12/1,0.21625
2009/12/2,0.21531
2009/12/3,0.21531
2009/12/4,0.21563
2009/12/7,0.21438
2009/12/8,0.21438
2009/12/9,0.21438
2009/12/10,0.21375
2009/12/11,0.21281
2009/12/14,0.21313
2009/12/15,0.21375
2009/12/16,0.21375
2009/12/17,0.21375
2009/12/18,0.2125
2009/12/21,0.21188
2009/12/22,0.21063
2009/12/23,0.215
2009/12/24,0.215
2009/12/25,.
2009/12/28,.
2009/12/29,0.21688
2009/12/30,0.21563
2009/12/31,0.21375
2010/1/1,.
2010/1/4,0.20813
2010/1/5,0.20813
2010/1/6,0.20813
2010/1/7,0.20813
2010/1/8,0.20813
2010/1/11,0.2075
2010/1/12,0.2075
2010/1/13,0.2075
2010/1/14,0.2075
2010/1/15,0.2075
2010/1/18,0.2075
2010/1/19,0.2075
2010/1/20,0.2075
2010/1/21,0.20875
2010/1/22,0.20875
2010/1/25,0.20875
2010/1/26,0.20875
2010/1/27,0.20875
2010/1/28,0.20625
2010/1/29,0.20625
2010/2/1,0.2075
2010/2/2,0.20875
2010/2/3,0.2075
2010/2/4,0.2075
2010/2/5,0.20875
2010/2/8,0.20875
2010/2/9,0.20875
2010/2/10,0.2075
2010/2/11,0.20875
2010/2/12,0.20875
2010/2/15,0.2075
2010/2/16,0.20875
2010/2/17,0.20875
2010/2/18,0.20875
2010/2/19,0.20875
2010/2/22,0.2075
2010/2/23,0.2075
2010/2/24,0.2075
2010/2/25,0.2075
2010/2/26,0.20688
2010/3/1,0.2075
2010/3/2,0.2075
2010/3/3,0.2075
2010/3/4,0.20813
2010/3/5,0.20938
2010/3/8,0.21125
2010/3/9,0.21125
2010/3/10,0.21
2010/3/11,0.21
2010/3/12,0.21
2010/3/15,0.21125
2010/3/16,0.22063
2010/3/17,0.2275
2010/3/18,0.22906
2010/3/19,0.235
2010/3/22,0.23469
2010/3/23,0.23438
2010/3/24,0.23438
2010/3/25,0.23375
2010/3/26,0.235
2010/3/29,0.23125
2010/3/30,0.23388
2010/3/31,0.23388
2010/4/1,0.23388
2010/4/2,.
2010/4/5,.
2010/4/6,0.23638
2010/4/7,0.23763
2010/4/8,0.23763
2010/4/9,0.24013
2010/4/12,0.24075
2010/4/13,0.242
2010/4/14,0.24325
2010/4/15,0.246
2010/4/16,0.24713
2010/4/19,0.25213
2010/4/20,0.25588
2010/4/21,0.25338
2010/4/22,0.2555
2010/4/23,0.25625
2010/4/26,0.25844
2010/4/27,0.26
2010/4/28,0.26338
2010/4/29,0.265
2010/4/30,0.26625
2010/5/3,.
2010/5/4,0.27094
2010/5/5,0.27625
2010/5/6,0.27894
2010/5/7,0.32313
2010/5/10,0.32188
2010/5/11,0.31813
2010/5/12,0.31813
2010/5/13,0.31625
2010/5/14,0.315
2010/5/17,0.31875
2010/5/18,0.31775
2010/5/19,0.32025
2010/5/20,0.32213
2010/5/21,0.32213
2010/5/24,0.324
2010/5/25,0.33025
2010/5/26,0.33125
2010/5/27,0.3325
2010/5/28,0.33125
2010/5/31,.
2010/6/1,0.33125
2010/6/2,0.33
2010/6/3,0.33
2010/6/4,0.33
2010/6/7,0.32938
2010/6/8,0.32938
2010/6/9,0.32938
2010/6/10,0.32938
2010/6/11,0.32938
2010/6/14,0.32938
2010/6/15,0.32938
2010/6/16,0.32938
2010/6/17,0.32813
2010/6/18,0.32875
2010/6/21,0.3275
2010/6/22,0.32875
2010/6/23,0.32875
2010/6/24,0.32875
2010/6/25,0.32875
2010/6/28,0.32875
2010/6/29,0.3275
2010/6/30,0.32875
2010/7/1,0.32875
2010/7/2,0.32875
2010/7/5,0.3275
2010/7/6,0.3275
2010/7/7,0.325
2010/7/8,0.32338
2010/7/9,0.32063
2010/7/12,0.31813
2010/7/13,0.31656
2010/7/14,0.31625
2010/7/15,0.315
2010/7/16,0.31375
2010/7/19,0.31313
2010/7/20,0.31425
2010/7/21,0.31094
2010/7/22,0.311
2010/7/23,0.30944
2010/7/26,0.30788
2010/7/27,0.30475
2010/7/28,0.30206
2010/7/29,0.2985
2010/7/30,0.29313
2010/8/2,0.28963
2010/8/3,0.28713
2010/8/4,0.28438
2010/8/5,0.283
2010/8/6,0.28019
2010/8/9,0.27725
2010/8/10,0.27313
2010/8/11,0.26713
2010/8/12,0.26438
2010/8/13,0.26206
2010/8/16,0.25994
2010/8/17,0.25875
2010/8/18,0.25875
2010/8/19,0.25831
2010/8/20,0.25656
2010/8/23,0.25656
2010/8/24,0.25563
2010/8/25,0.25469
2010/8/26,0.25281
2010/8/27,0.25281
2010/8/30,.
2010/8/31,0.25281
2010/9/1,0.25181
2010/9/2,0.25181
2010/9/3,0.25181
2010/9/6,0.25056
2010/9/7,0.25181
2010/9/8,0.2515
2010/9/9,0.2515
2010/9/10,0.2515
2010/9/13,0.2515
2010/9/14,0.2515
2010/9/15,0.2515
2010/9/16,0.2515
2010/9/17,0.2515
2010/9/20,0.2515
2010/9/21,0.25025
2010/9/22,0.25025
2010/9/23,0.25025
2010/9/24,0.25025
2010/9/27,0.25025
2010/9/28,0.25025
2010/9/29,0.25025
2010/9/30,0.25025
2010/10/1,0.25025
2010/10/4,0.25025
2010/10/5,0.25025
2010/10/6,0.25025
2010/10/7,0.25025
2010/10/8,0.25025
2010/10/11,0.25025
2010/10/12,0.25025
2010/10/13,0.25025
2010/10/14,0.2515
2010/10/15,0.2515
2010/10/18,0.2515
2010/10/19,0.2515
2010/10/20,0.2515
2010/10/21,0.2515
2010/10/22,0.2515
2010/10/25,0.2515
2010/10/26,0.24981
2010/10/27,0.24981
2010/10/28,0.24856
2010/10/29,0.24841
2010/11/1,0.24841
2010/11/2,0.24828
2010/11/3,0.24828
2010/11/4,0.24828
2010/11/5,0.24828
2010/11/8,0.24828
2010/11/9,0.24828
2010/11/10,0.24828
2010/11/11,0.24828
2010/11/12,0.24828
2010/11/15,0.24703
2010/11/16,0.24828
2010/11/17,0.24828
2010/11/18,0.24828
2010/11/19,0.24953
2010/11/22,0.24953
2010/11/23,0.24953
2010/11/24,0.24953
2010/11/25,0.25078
2010/11/26,0.25203
2010/11/29,0.25203
2010/11/30,0.25328
2010/12/1,0.25375
2010/12/2,0.25375
2010/12/3,0.255
2010/12/6,0.255
2010/12/7,0.255
2010/12/8,0.255
2010/12/9,0.25469
2010/12/10,0.25469
2010/12/13,0.25344
2010/12/14,0.25344
2010/12/15,0.25344
2010/12/16,0.25344
2010/12/17,0.25344
2010/12/20,0.25375
2010/12/21,0.25375
2010/12/22,0.25375
2010/12/23,0.25375
2010/12/24,0.25438
2010/12/27,.
2010/12/28,.
2010/12/29,0.25438
2010/12/30,0.25438
2010/12/31,0.25438
2011/1/3,.
2011/1/4,0.25438
2011/1/5,0.25438
2011/1/6,0.25438
2011/1/7,0.25438
2011/1/10,0.25438
2011/1/11,0.25438
2011/1/12,0.25438
2011/1/13,0.25438
2011/1/14,0.25438
2011/1/17,0.25438
2011/1/18,0.25375
2011/1/19,0.25375
2011/1/20,0.25375
2011/1/21,0.25375
2011/1/24,0.25375
2011/1/25,0.25375
2011/1/26,0.25375
2011/1/27,0.25375
2011/1/28,0.25375
2011/1/31,0.25375
2011/2/1,0.253
2011/2/2,0.252
2011/2/3,0.253
2011/2/4,0.253
2011/2/7,0.253
2011/2/8,0.2525
2011/2/9,0.2525
2011/2/10,0.2525
2011/2/11,0.2525
2011/2/14,0.2515
2011/2/15,0.2515
2011/2/16,0.2515
2011/2/17,0.251
2011/2/18,0.251
2011/2/21,0.251
2011/2/22,0.2505
2011/2/23,0.2505
2011/2/24,0.2505
2011/2/25,0.2505
2011/2/28,0.2495
2011/3/1,0.2495
2011/3/2,0.2485
2011/3/3,0.2475
2011/3/4,0.247
2011/3/7,0.2455
2011/3/8,0.2455
2011/3/9,0.2454
2011/3/10,0.2439
2011/3/11,0.2434
2011/3/14,0.2432
2011/3/15,0.24295
2011/3/16,0.24195
2011/3/17,0.2397
2011/3/18,0.2387
2011/3/21,0.2377
2011/3/22,0.2347
2011/3/23,0.2337
2011/3/24,0.2325
2011/3/25,0.23025
2011/3/28,0.228
2011/3/29,0.227
2011/3/30,0.2243
2011/3/31,0.2238
2011/4/1,0.2233
2011/4/4,0.2185
2011/4/5,0.21225
2011/4/6,0.20825
2011/4/7,0.2032
2011/4/8,0.1995
2011/4/11,0.19625
2011/4/12,0.19105
2011/4/13,0.1885
2011/4/14,0.1835
2011/4/15,0.1808
2011/4/18,0.1802
2011/4/19,0.1801
2011/4/20,0.1806
2011/4/21,0.18035
2011/4/22,.
2011/4/25,.
2011/4/26,0.1801
2011/4/27,0.17885
2011/4/28,0.1775
2011/4/29,.
2011/5/2,.
2011/5/3,0.1765
2011/5/4,0.1755
2011/5/5,0.1737
2011/5/6,0.17185
2011/5/9,0.17075
2011/5/10,0.1694
2011/5/11,0.16915
2011/5/12,0.16855
2011/5/13,0.16845
2011/5/16,0.16835
2011/5/17,0.16735
2011/5/18,0.16585
2011/5/19,0.16575
2011/5/20,0.1654
2011/5/23,0.16465
2011/5/24,0.16365
2011/5/25,0.1633
2011/5/26,0.1638
2011/5/27,0.1628
2011/5/30,.
2011/5/31,0.1627
2011/6/1,0.1627
2011/6/2,0.1627
2011/6/3,0.1627
2011/6/6,0.1627
2011/6/7,0.1627
2011/6/8,0.1627
2011/6/9,0.1627
2011/6/10,0.1627
2011/6/13,0.1612
2011/6/14,0.16095
2011/6/15,0.16095
2011/6/16,0.16125
2011/6/17,0.16125
2011/6/20,0.16075
2011/6/21,0.16075
2011/6/22,0.16075
2011/6/23,0.16075
2011/6/24,0.16075
2011/6/27,0.16075
2011/6/28,0.16075
2011/6/29,0.16075
2011/6/30,0.16075
2011/7/1,0.16075
2011/7/4,0.16075
2011/7/5,0.16075
2011/7/6,0.16075
2011/7/7,0.16075
2011/7/8,0.16075
2011/7/11,0.16075
2011/7/12,0.16075
2011/7/13,0.16075
2011/7/14,0.15975
2011/7/15,0.1595
2011/7/18,0.1595
2011/7/19,0.1595
2011/7/20,0.1585
2011/7/21,0.1585
2011/7/22,0.1585
2011/7/25,0.1585
2011/7/26,0.1585
2011/7/27,0.1585
2011/7/28,0.159
2011/7/29,0.1626
2011/8/1,0.16344
2011/8/2,0.1775
2011/8/3,0.18556
2011/8/4,0.18
2011/8/5,0.17722
2011/8/8,0.17667
2011/8/9,0.17889
2011/8/10,0.17556
2011/8/11,0.17778
2011/8/12,0.17811
2011/8/15,0.17989
2011/8/16,0.17989
2011/8/17,0.18044
2011/8/18,0.18044
2011/8/19,0.18044
2011/8/22,0.18194
2011/8/23,0.18417
2011/8/24,0.185
2011/8/25,0.18667
2011/8/26,0.18556
2011/8/29,.
2011/8/30,0.18667
2011/8/31,0.18667
2011/9/1,0.18556
2011/9/2,0.18556
2011/9/5,0.18678
2011/9/6,0.18689
2011/9/7,0.18689
2011/9/8,0.18578
2011/9/9,0.18689
2011/9/12,0.18689
2011/9/13,0.18689
2011/9/14,0.18689
2011/9/15,0.18744
2011/9/16,0.188
2011/9/19,0.188
2011/9/20,0.188
2011/9/21,0.18856
2011/9/22,0.18939
2011/9/23,0.19078
2011/9/26,0.19133
2011/9/27,0.19256
2011/9/28,0.19283
2011/9/29,0.192
2011/9/30,0.19089
2011/10/3,0.19144
2011/10/4,0.19144
2011/10/5,0.19144
2011/10/6,0.19133
2011/10/7,0.19133
2011/10/10,0.19133
2011/10/11,0.19133
2011/10/12,0.19133
2011/10/13,0.18967
2011/10/14,0.18967
2011/10/17,0.18967
2011/10/18,0.18967
2011/10/19,0.18967
2011/10/20,0.18967
2011/10/21,0.19189
2011/10/24,0.19189
2011/10/25,0.19189
2011/10/26,0.19189
2011/10/27,0.18967
2011/10/28,0.18967
2011/10/31,0.18967
2011/11/1,0.18967
2011/11/2,0.18967
2011/11/3,0.19189
2011/11/4,0.19078
2011/11/7,0.19078
2011/11/8,0.19078
2011/11/9,0.19078
2011/11/10,0.19078
2011/11/11,0.19078
2011/11/14,0.19078
2011/11/15,0.19189
2011/11/16,0.19189
2011/11/17,0.19217
2011/11/18,0.19328
2011/11/21,0.19228
2011/11/22,0.1945
2011/11/23,0.1945
2011/11/24,0.1945
2011/11/25,0.19561
2011/11/28,0.19644
2011/11/29,0.19506
2011/11/30,0.19506
2011/12/1,0.19506
2011/12/2,0.19506
2011/12/5,0.20015
2011/12/6,0.20015
2011/12/7,0.20015
2011/12/8,0.20015
2011/12/9,0.20015
2011/12/12,0.20015
2011/12/13,0.20015
2011/12/14,0.20015
2011/12/15,0.20025
2011/12/16,0.2005
2011/12/19,0.2015
2011/12/20,0.202
2011/12/21,0.2025
2011/12/22,0.215
2011/12/23,0.216
2011/12/26,.
2011/12/27,.
2011/12/28,0.2135
2011/12/29,0.2092
2011/12/30,0.2082
2012/1/2,.
2012/1/3,0.2082
2012/1/4,0.2072
2012/1/5,0.2062
2012/1/6,0.2062
2012/1/9,0.2062
2012/1/10,0.2042
2012/1/11,0.2042
2012/1/12,0.2037
2012/1/13,0.2015
2012/1/16,0.2005
2012/1/17,0.1999
2012/1/18,0.1998
2012/1/19,0.1988
2012/1/20,0.1977
2012/1/23,0.1997
2012/1/24,0.1997
2012/1/25,0.1982
2012/1/26,0.1975
2012/1/27,0.1975
2012/1/30,0.1965
2012/1/31,0.1965
2012/2/1,0.1952
2012/2/2,0.1955
2012/2/3,0.1955
2012/2/6,0.1955
2012/2/7,0.195
2012/2/8,0.194
2012/2/9,0.1922
2012/2/10,0.1912
2012/2/13,0.1912
2012/2/14,0.1912
2012/2/15,0.1912
2012/2/16,0.1907
2012/2/17,0.1887
2012/2/20,0.1887
2012/2/21,0.1897
2012/2/22,0.1897
2012/2/23,0.1897
2012/2/24,0.1897
2012/2/27,0.1887
2012/2/28,0.1887
2012/2/29,0.1887
2012/3/1,0.1887
2012/3/2,0.1886
2012/3/5,0.1886
2012/3/6,0.1886
2012/3/7,0.1886
2012/3/8,0.1886
2012/3/9,0.1886
2012/3/12,0.1886
2012/3/13,0.1877
2012/3/14,0.1877
2012/3/15,0.1882
2012/3/16,0.1882
2012/3/19,0.1882
2012/3/20,0.1897
2012/3/21,0.1902
2012/3/22,0.1902
2012/3/23,0.1902
2012/3/26,0.1912
2012/3/27,0.1912
2012/3/28,0.1915
2012/3/29,0.1912
2012/3/30,0.1912
2012/4/2,0.1902
2012/4/3,0.1902
2012/4/4,0.1902
2012/4/5,0.1902
2012/4/6,.
2012/4/9,.
2012/4/10,0.1892
2012/4/11,0.1892
2012/4/12,0.1892
2012/4/13,0.1887
2012/4/16,0.1887
2012/4/17,0.1887
2012/4/18,0.1887
2012/4/19,0.1887
2012/4/20,0.1907
2012/4/23,0.1907
2012/4/24,0.1906
2012/4/25,0.1906
2012/4/26,0.1906
2012/4/27,0.1906
2012/4/30,0.1906
2012/5/1,0.1906
2012/5/2,0.1886
2012/5/3,0.1896
2012/5/4,0.1896
2012/5/7,.
2012/5/8,0.1896
2012/5/9,0.1886
2012/5/10,0.1896
2012/5/11,0.1896
2012/5/14,0.1901
2012/5/15,0.1901
2012/5/16,0.1911
2012/5/17,0.1911
2012/5/18,0.1911
2012/5/21,0.1916
2012/5/22,0.1916
2012/5/23,0.1916
2012/5/24,0.1916
2012/5/25,0.1906
2012/5/28,0.1906
2012/5/29,0.1916
2012/5/30,0.1916
2012/5/31,0.1916
2012/6/1,0.1921
2012/6/4,.
2012/6/5,.
2012/6/6,0.1921
2012/6/7,0.1921
2012/6/8,0.1926
2012/6/11,0.1926
2012/6/12,0.1926
2012/6/13,0.1936
2012/6/14,0.1956
2012/6/15,0.1956
2012/6/18,0.1956
2012/6/19,0.1966
2012/6/20,0.1966
2012/6/21,0.1961
2012/6/22,0.1961
2012/6/25,0.1961
2012/6/26,0.1961
2012/6/27,0.195
2012/6/28,0.1951
2012/6/29,0.1961
2012/7/2,0.1961
2012/7/3,0.1981
2012/7/4,0.1996
2012/7/5,0.1996
2012/7/6,0.2006
2012/7/9,0.1996
2012/7/10,0.1996
2012/7/11,0.1996
2012/7/12,0.1996
2012/7/13,0.1996
2012/7/16,0.1996
2012/7/17,0.1996
2012/7/18,0.1996
2012/7/19,0.1996
2012/7/20,0.1991
2012/7/23,0.1991
2012/7/24,0.1971
2012/7/25,0.197
2012/7/26,0.199
2012/7/27,0.199
2012/7/30,0.195
2012/7/31,0.1965
2012/8/1,0.1955
2012/8/2,0.195
2012/8/3,0.1935
2012/8/6,0.193
2012/8/7,0.19
2012/8/8,0.1875
2012/8/9,0.1855
2012/8/10,0.1855
2012/8/13,0.1855
2012/8/14,0.1865
2012/8/15,0.1865
2012/8/16,0.1865
2012/8/17,0.1865
2012/8/20,0.186
2012/8/21,0.186
2012/8/22,0.185
2012/8/23,0.186
2012/8/24,0.185
2012/8/27,.
2012/8/28,0.186
2012/8/29,0.185
2012/8/30,0.184
2012/8/31,0.184
2012/9/3,0.183
2012/9/4,0.182
2012/9/5,0.183
2012/9/6,0.187
2012/9/7,0.187
2012/9/10,0.1865
2012/9/11,0.1865
2012/9/12,0.1855
2012/9/13,0.18475
2012/9/14,0.18425
2012/9/17,0.18425
2012/9/18,0.18375
2012/9/19,0.18375
2012/9/20,0.18275
2012/9/21,0.18175
2012/9/24,0.18175
2012/9/25,0.1815
2012/9/26,0.18125
2012/9/27,0.18125
2012/9/28,0.181
2012/10/1,0.181
2012/10/2,0.183
2012/10/3,0.181
2012/10/4,0.1815
2012/10/5,0.179
2012/10/8,0.179
2012/10/9,0.178
2012/10/10,0.18
2012/10/11,0.181
2012/10/12,0.181
2012/10/15,0.182
2012/10/16,0.18
2012/10/17,0.18
2012/10/18,0.181
2012/10/19,0.178
2012/10/22,0.178
2012/10/23,0.177
2012/10/24,0.1777
2012/10/25,0.1767
2012/10/26,0.1767
2012/10/29,0.1797
2012/10/30,0.1797
2012/10/31,0.1787
2012/11/1,0.1767
2012/11/2,0.1777
2012/11/5,0.1787
2012/11/6,0.1782
2012/11/7,0.1802
2012/11/8,0.1782
2012/11/9,0.1792
2012/11/12,0.1797
2012/11/13,0.1782
2012/11/14,0.1802
2012/11/15,0.1802
2012/11/16,0.1772
2012/11/19,0.1802
2012/11/20,0.1802
2012/11/21,0.1802
2012/11/22,0.1792
2012/11/23,0.1812
2012/11/26,0.1832
2012/11/27,0.1862
2012/11/28,0.1862
2012/11/29,0.1872
2012/11/30,0.1852
2012/12/3,0.1852
2012/12/4,0.1852
2012/12/5,0.1852
2012/12/6,0.1862
2012/12/7,0.1862
2012/12/10,0.1872
2012/12/11,0.1842
2012/12/12,0.1832
2012/12/13,0.1832
2012/12/14,0.1832
2012/12/17,0.1852
2012/12/18,0.1852
2012/12/19,0.1862
2012/12/20,0.1882
2012/12/21,0.1902
2012/12/24,0.1922
2012/12/25,.
2012/12/26,.
2012/12/27,0.1997
2012/12/28,0.1942
2012/12/31,0.1927
2013/1/1,.
2013/1/2,0.1912
2013/1/3,0.1857
2013/1/4,0.1847
2013/1/7,0.1847
2013/1/8,0.1832
2013/1/9,0.1832
2013/1/10,0.1817
2013/1/11,0.1797
2013/1/14,0.1797
2013/1/15,0.1807
2013/1/16,0.1807
2013/1/17,0.1767
2013/1/18,0.1767
2013/1/21,0.1777
2013/1/22,0.1767
2013/1/23,0.1757
2013/1/24,0.1742
2013/1/25,0.1767
2013/1/28,0.1777
2013/1/29,0.1757
2013/1/30,0.1737
2013/1/31,0.1717
2013/2/1,0.1727
2013/2/4,0.1727
2013/2/5,0.1727
2013/2/6,0.1722
2013/2/7,0.1727
2013/2/8,0.1732
2013/2/11,0.1727
2013/2/12,0.1717
2013/2/13,0.1717
2013/2/14,0.1737
2013/2/15,0.1757
2013/2/18,0.1747
2013/2/19,0.1747
2013/2/20,0.1737
2013/2/21,0.1727
2013/2/22,0.1732
2013/2/25,0.1747
2013/2/26,0.1732
2013/2/27,0.1727
2013/2/28,0.1717
2013/3/1,0.1707
2013/3/4,0.1717
2013/3/5,0.1707
2013/3/6,0.1707
2013/3/7,0.1717
2013/3/8,0.1717
2013/3/11,0.1727
2013/3/12,0.1727
2013/3/13,0.1727
2013/3/14,0.1717
2013/3/15,0.1717
2013/3/18,0.1727
2013/3/19,0.1747
2013/3/20,0.1737
2013/3/21,0.1752
2013/3/22,0.1752
2013/3/25,0.1752
2013/3/26,0.1762
2013/3/27,0.1752
2013/3/28,0.1752
2013/3/29,.
2013/4/1,.
2013/4/2,0.1752
2013/4/3,0.1712
2013/4/4,0.1712
2013/4/5,0.1712
2013/4/8,0.1717
2013/4/9,0.1727
2013/4/10,0.1727
2013/4/11,0.1742
2013/4/12,0.1752
2013/4/15,0.1752
2013/4/16,0.1742
2013/4/17,0.1747
2013/4/18,0.1747
2013/4/19,0.1737
2013/4/22,0.1717
2013/4/23,0.1717
2013/4/24,0.1697
2013/4/25,0.1692
2013/4/26,0.1692
2013/4/29,0.1682
2013/4/30,0.1667
2013/5/1,0.1667
2013/5/2,0.1677
2013/5/3,0.1672
2013/5/6,.
2013/5/7,0.1672
2013/5/8,0.1677
2013/5/9,0.1672
2013/5/10,0.1647
2013/5/13,0.1652
2013/5/14,0.1652
2013/5/15,0.1652
2013/5/16,0.1652
2013/5/17,0.16371
2013/5/20,0.16391
2013/5/21,0.16371
2013/5/22,0.16271
2013/5/23,0.16071
2013/5/24,0.15921
2013/5/27,.
2013/5/28,0.15921
2013/5/29,0.15971
2013/5/30,0.15951
2013/5/31,0.15901
2013/6/3,0.15851
2013/6/4,0.15851
2013/6/5,0.15851
2013/6/6,0.15851
2013/6/7,0.15851
2013/6/10,0.15851
2013/6/11,0.15851
2013/6/12,0.15951
2013/6/13,0.15901
2013/6/14,0.15901
2013/6/17,0.15901
2013/6/18,0.15981
2013/6/19,0.15981
2013/6/20,0.15901
2013/6/21,0.16001
2013/6/24,0.16251
2013/6/25,0.16071
2013/6/26,0.16371
2013/6/27,0.16051
2013/6/28,0.16073
2013/7/1,0.16073
2013/7/2,0.15923
2013/7/3,0.15923
2013/7/4,0.15953
2013/7/5,0.16003
2013/7/8,0.15873
2013/7/9,0.15823
2013/7/10,0.15773
2013/7/11,0.15883
2013/7/12,0.15823
2013/7/15,0.15773
2013/7/16,0.15673
2013/7/17,0.15673
2013/7/18,0.15673
2013/7/19,0.15423
2013/7/22,0.15373
2013/7/23,0.15373
2013/7/24,0.15423
2013/7/25,0.15152
2013/7/26,0.1515
2013/7/29,0.15217
2013/7/30,0.15083
2013/7/31,0.15033
2013/8/1,0.15033
2013/8/2,0.15033
2013/8/5,0.15033
2013/8/6,0.15033
2013/8/7,0.14983
2013/8/8,0.151
2013/8/9,0.15033
2013/8/12,0.14983
2013/8/13,0.14983
2013/8/14,0.14983
2013/8/15,0.14883
2013/8/16,0.14883
2013/8/19,0.14833
2013/8/20,0.14883
2013/8/21,0.14883
2013/8/22,0.14833
2013/8/23,0.14833
2013/8/26,.
2013/8/27,0.14833
2013/8/28,0.14833
2013/8/29,0.14883
2013/8/30,0.14783
2013/9/2,0.14783
2013/9/3,0.14783
2013/9/4,0.14783
2013/9/5,0.14797
2013/9/6,0.14747
2013/9/9,0.14837
2013/9/10,0.14747
2013/9/11,0.14547
2013/9/12,0.14607
2013/9/13,0.14297
2013/9/16,0.14185
2013/9/17,0.14
2013/9/18,0.14
2013/9/19,0.1395
2013/9/20,0.14015
2013/9/23,0.14
2013/9/24,0.1395
2013/9/25,0.1395
2013/9/26,0.1395
2013/9/27,0.1394
2013/9/30,0.1392
2013/10/1,0.138
2013/10/2,0.1366
2013/10/3,0.13555
2013/10/4,0.13525
2013/10/7,0.1371
2013/10/8,0.13765
2013/10/9,0.1393
2013/10/10,0.1388
2013/10/11,0.1395
2013/10/14,0.1419
2013/10/15,0.1394
2013/10/16,0.13925
2013/10/17,0.1358
2013/10/18,0.13575
2013/10/21,0.1374
2013/10/22,0.13785
2013/10/23,0.1389
2013/10/24,0.133
2013/10/25,0.1335
2013/10/28,0.1358
2013/10/29,0.1348
2013/10/30,0.13235
2013/10/31,0.13025
2013/11/1,0.1304
2013/11/4,0.13255
2013/11/5,0.1328
2013/11/6,0.12725
2013/11/7,0.12715
2013/11/8,0.12715
2013/11/11,0.1313
2013/11/12,0.1265
2013/11/13,0.1275
2013/11/14,0.1275
2013/11/15,0.12925
2013/11/18,0.13025
2013/11/19,0.129
2013/11/20,0.129
2013/11/21,0.12875
2013/11/22,0.12875
2013/11/25,0.12825
2013/11/26,0.13015
2013/11/27,0.13195
2013/11/28,0.12965
2013/11/29,0.1279
2013/12/2,0.1265
2013/12/3,0.127
2013/12/4,0.12735
2013/12/5,0.1279
2013/12/6,0.1276
2013/12/9,0.1265
2013/12/10,0.1272
2013/12/11,0.12895
2013/12/12,0.12615
2013/12/13,0.12625
2013/12/16,0.12425
2013/12/17,0.1245
2013/12/18,0.1274
2013/12/19,0.12675
2013/12/20,0.12675
2013/12/23,0.129
2013/12/24,0.13055
2013/12/25,.
2013/12/26,.
2013/12/27,0.1281
2013/12/30,0.12805
2013/12/31,0.1293
2014/1/1,.
2014/1/2,0.1293
2014/1/3,0.12445
2014/1/6,0.1225
2014/1/7,0.1262
2014/1/8,0.12205
2014/1/9,0.12395
2014/1/10,0.1215
2014/1/13,0.12575
2014/1/14,0.1249
2014/1/15,0.11925
2014/1/16,0.11825
2014/1/17,0.11995
2014/1/20,0.118
2014/1/21,0.12
2014/1/22,0.118
2014/1/23,0.12105
2014/1/24,0.11775
2014/1/27,0.118
2014/1/28,0.122
2014/1/29,0.12495
2014/1/30,0.1239
2014/1/31,0.12215
2014/2/3,0.12075
2014/2/4,0.11985
2014/2/5,0.11975
2014/2/6,0.11925
2014/2/7,0.12175
2014/2/10,0.1195
2014/2/11,0.11875
2014/2/12,0.119
2014/2/13,0.11925
2014/2/14,0.118
2014/2/17,0.1165
2014/2/18,0.118
2014/2/19,0.118
2014/2/20,0.12
2014/2/21,0.11725
2014/2/24,0.1209
2014/2/25,0.1217
2014/2/26,0.1195
2014/2/27,0.12015
2014/2/28,0.12
2014/3/3,0.11815
2014/3/4,0.12135
2014/3/5,0.12115
2014/3/6,0.11805
2014/3/7,0.12
2014/3/10,0.1204
2014/3/11,0.124
2014/3/12,0.12075
2014/3/13,0.1234
2014/3/14,0.12125
2014/3/17,0.11975
2014/3/18,0.1213
2014/3/19,0.123
2014/3/20,0.12
2014/3/21,0.11975
2014/3/24,0.1195
2014/3/25,0.11875
2014/3/26,0.12275
2014/3/27,0.12275
2014/3/28,0.1201
2014/3/31,0.1195
2014/4/1,0.11885
2014/4/2,0.121
2014/4/3,0.1206
2014/4/4,0.12135
2014/4/7,0.1182
2014/4/8,0.1185
2014/4/9,0.11925
2014/4/10,0.12045
2014/4/11,0.11875
2014/4/14,0.1204
2014/4/15,0.12065
2014/4/16,0.1215
2014/4/17,0.11875
2014/4/18,.
2014/4/21,.
2014/4/22,0.11925
2014/4/23,0.1213
2014/4/24,0.11925
2014/4/25,0.11975
2014/4/28,0.122
2014/4/29,0.12075
2014/4/30,0.12175
2014/5/1,0.1225
2014/5/2,0.1195
2014/5/5,.
2014/5/6,0.1225
2014/5/7,0.11905
2014/5/8,0.12175
2014/5/9,0.11875
2014/5/12,0.1205
2014/5/13,0.12075
2014/5/14,0.11875
2014/5/15,0.121
2014/5/16,0.119
2014/5/19,0.1178
2014/5/20,0.11635
2014/5/21,0.1183
2014/5/22,0.1205
2014/5/23,0.1203
2014/5/26,.
2014/5/27,0.11925
2014/5/28,0.1202
2014/5/29,0.121
2014/5/30,0.119
2014/6/2,0.1209
2014/6/3,0.119
2014/6/4,0.122
2014/6/5,0.12
2014/6/6,0.122
2014/6/9,0.123
2014/6/10,0.123
2014/6/11,0.12255
2014/6/12,0.12025
2014/6/13,0.1235
2014/6/16,0.1235
2014/6/17,0.12375
2014/6/18,0.123
2014/6/19,0.123
2014/6/20,0.123
2014/6/23,0.123
2014/6/24,0.1235
2014/6/25,0.12325
2014/6/26,0.1225
2014/6/27,0.123
2014/6/30,0.123
2014/7/1,0.123
2014/7/2,0.123
2014/7/3,0.123
2014/7/4,0.123
2014/7/7,0.123
2014/7/8,0.12225
2014/7/9,0.1225
2014/7/10,0.12225
2014/7/11,0.12275
2014/7/14,0.1225
2014/7/15,0.12275
2014/7/16,0.12275
2014/7/17,0.12275
2014/7/18,0.122
2014/7/21,0.123
2014/7/22,0.123
2014/7/23,0.123
2014/7/24,0.12325
2014/7/25,0.122
2014/7/28,0.12175
2014/7/29,0.12225
2014/7/30,0.12325
2014/7/31,0.12325
2014/8/1,0.122
2014/8/4,0.1205
2014/8/5,0.122
2014/8/6,0.12
2014/8/7,0.1215
2014/8/8,0.1205
2014/8/11,0.12025
2014/8/12,0.12125
2014/8/13,0.1205
2014/8/14,0.1215
2014/8/15,0.12175
2014/8/18,0.12175
2014/8/19,0.12225
2014/8/20,0.12125
2014/8/21,0.1225
2014/8/22,0.121
2014/8/25,.
2014/8/26,0.123
2014/8/27,0.1235
2014/8/28,0.12425
2014/8/29,0.12325
2014/9/1,0.12445
2014/9/2,0.12225
2014/9/3,0.12125
2014/9/4,0.12125
2014/9/5,0.11825
2014/9/8,0.11985
2014/9/9,0.11955
2014/9/10,0.12125
2014/9/11,0.1215
2014/9/12,0.11925
2014/9/15,0.1193
2014/9/16,0.12175
2014/9/17,0.122
2014/9/18,0.12175
2014/9/19,0.11975
2014/9/22,0.1215
2014/9/23,0.122
2014/9/24,0.122
2014/9/25,0.12175
2014/9/26,0.1175
2014/9/29,0.1225
2014/9/30,0.1185
2014/10/1,0.11775
2014/10/2,0.1195
2014/10/3,0.11845
2014/10/6,0.1205
2014/10/7,0.11875
2014/10/8,0.1173
2014/10/9,0.12
2014/10/10,0.1186
2014/10/13,0.11955
2014/10/14,0.1193
2014/10/15,0.12
2014/10/16,0.12025
2014/10/17,0.1205
2014/10/20,0.1204
2014/10/21,0.11875
2014/10/22,0.11875
2014/10/23,0.1187
2014/10/24,0.1205
2014/10/27,0.1205
2014/10/28,0.11775
2014/10/29,0.1207
2014/10/30,0.122
2014/10/31,0.12075
2014/11/3,0.11975
2014/11/4,0.1185
2014/11/5,0.1207
2014/11/6,0.12225
2014/11/7,0.122
2014/11/10,0.11985
2014/11/11,0.12175
2014/11/12,0.122
2014/11/13,0.1215
2014/11/14,0.12025
2014/11/17,0.12
2014/11/18,0.1218
2014/11/19,0.12175
2014/11/20,0.124
2014/11/21,0.12575
2014/11/24,0.1239
2014/11/25,0.12525
2014/11/26,0.1248
2014/11/27,0.1246
2014/11/28,0.1241
2014/12/1,0.1262
2014/12/2,0.13075
2014/12/3,0.133
2014/12/4,0.1341
2014/12/5,0.134
2014/12/8,0.1366
2014/12/9,0.136
2014/12/10,0.135
2014/12/11,0.1345
2014/12/12,0.1335
2014/12/15,0.1319
2014/12/16,0.131
2014/12/17,0.1305
2014/12/18,0.1308
2014/12/19,0.132
2014/12/22,0.134
2014/12/23,0.13425
2014/12/24,0.133
2014/12/25,.
2014/12/26,.
2014/12/29,0.1326
2014/12/30,0.136
2014/12/31,0.135
2015/1/1,.
2015/1/2,0.1348
2015/1/5,0.13475
2015/1/6,0.1335
2015/1/7,0.1342
2015/1/8,0.1341
2015/1/9,0.1349
2015/1/12,0.1319
2015/1/13,0.133
2015/1/14,0.1345
2015/1/15,0.1351
2015/1/16,0.135
2015/1/19,0.1355
2015/1/20,0.1355
2015/1/21,0.1361
2015/1/22,0.1347
2015/1/23,0.1344
2015/1/26,0.1369
2015/1/27,0.1371
2015/1/28,0.1367
2015/1/29,0.1368
2015/1/30,0.1351
2015/2/2,0.136
2015/2/3,0.136
2015/2/4,0.137
2015/2/5,0.136
2015/2/6,0.1365
2015/2/9,0.134
2015/2/10,0.1362
2015/2/11,0.1375
2015/2/12,0.138
2015/2/13,0.138
2015/2/16,0.1375
2015/2/17,0.1379
2015/2/18,0.14
2015/2/19,0.1414
2015/2/20,0.1395
2015/2/23,0.1406
2015/2/24,0.13875
2015/2/25,0.138
2015/2/26,0.139
2015/2/27,0.135
2015/3/2,0.1365
2015/3/3,0.1385
2015/3/4,0.1385
2015/3/5,0.139
2015/3/6,0.1389
2015/3/9,0.1387
2015/3/10,0.1385
2015/3/11,0.1385
2015/3/12,0.139
2015/3/13,0.14
2015/3/16,0.14
2015/3/17,0.141
2015/3/18,0.1415
2015/3/19,0.1435
2015/3/20,0.142
2015/3/23,0.142
2015/3/24,0.14025
2015/3/25,0.13975
2015/3/26,0.1415
2015/3/27,0.1425
2015/3/30,0.14425
2015/3/31,0.1407
2015/4/1,0.1444
2015/4/2,0.1438
2015/4/3,.
2015/4/6,.
2015/4/7,0.142
2015/4/8,0.1413
2015/4/9,0.14575
2015/4/10,0.14625
2015/4/13,0.147
2015/4/14,0.14675
2015/4/15,0.14375
2015/4/16,0.147
2015/4/17,0.1475
2015/4/20,0.14775
2015/4/21,0.14925
2015/4/22,0.14645
2015/4/23,0.146
2015/4/24,0.144
2015/4/27,0.14525
2015/4/28,0.1495
2015/4/29,0.1476
2015/4/30,0.14975
2015/5/1,0.1475
2015/5/4,.
2015/5/5,0.149
2015/5/6,0.1453
2015/5/7,0.1485
2015/5/8,0.1485
2015/5/11,0.14825
2015/5/12,0.14875
2015/5/13,0.14575
2015/5/14,0.14675
2015/5/15,0.149
2015/5/18,0.1485
2015/5/19,0.1485
2015/5/20,0.1465
2015/5/21,0.1485
2015/5/22,0.14775
2015/5/25,.
2015/5/26,0.148
2015/5/27,0.14575
2015/5/28,0.15
2015/5/29,0.15025
2015/6/1,0.147
2015/6/2,0.1473
2015/6/3,0.1445
2015/6/4,0.14725
2015/6/5,0.1475
2015/6/8,0.1475
2015/6/9,0.147
2015/6/10,0.144
2015/6/11,0.1475
2015/6/12,0.1475
2015/6/15,0.1477
2015/6/16,0.1475
2015/6/17,0.144
2015/6/18,0.1472
2015/6/19,0.147
2015/6/22,0.148
2015/6/23,0.148
2015/6/24,0.146
2015/6/25,0.146
2015/6/26,0.146
2015/6/29,0.1475
2015/6/30,0.148
2015/7/1,0.149
2015/7/2,0.148
2015/7/3,0.148
2015/7/6,0.147
2015/7/7,0.1495
2015/7/8,0.149
2015/7/9,0.148
2015/7/10,0.1481
2015/7/13,0.149
2015/7/14,0.1485
2015/7/15,0.15
2015/7/16,0.15
2015/7/17,0.1481
2015/7/20,0.15
2015/7/21,0.149
2015/7/22,0.147
2015/7/23,0.149
2015/7/24,0.15
2015/7/27,0.151
2015/7/28,0.1505
2015/7/29,0.1469
2015/7/30,0.1495
2015/7/31,0.1491
2015/8/3,0.15
2015/8/4,0.1502
2015/8/5,0.149
2015/8/6,0.1505
2015/8/7,0.1497
2015/8/10,0.1491
2015/8/11,0.1506
2015/8/12,0.15075
2015/8/13,0.1518
2015/8/14,0.153
2015/8/17,0.1535
2015/8/18,0.1535
2015/8/19,0.155
2015/8/20,0.1541
2015/8/21,0.15275
2015/8/24,0.153
2015/8/25,0.1525
2015/8/26,0.1525
2015/8/27,0.1536
2015/8/28,0.1542
2015/8/31,.
2015/9/1,0.154
2015/9/2,0.1555
2015/9/3,0.1545
2015/9/4,0.1535
2015/9/7,0.1543
2015/9/8,0.154
2015/9/9,0.1551
2015/9/10,0.157
2015/9/11,0.1593
2015/9/14,0.161
2015/9/15,0.1621
2015/9/16,0.1646
2015/9/17,0.166
2015/9/18,0.1555
2015/9/21,0.15525
2015/9/22,0.1569
2015/9/23,0.1553
2015/9/24,0.15545
2015/9/25,0.1542
2015/9/28,0.1571
2015/9/29,0.15375
2015/9/30,0.15115
2015/10/1,0.15365
2015/10/2,0.15595
2015/10/5,0.157
2015/10/6,0.15645
2015/10/7,0.156
2015/10/8,0.1553
2015/10/9,0.15645
2015/10/12,0.1553
2015/10/13,0.15595
2015/10/14,0.1538
2015/10/15,0.1545
2015/10/16,0.1555
2015/10/19,0.1558
2015/10/20,0.15625
2015/10/21,0.15605
2015/10/22,0.15625
2015/10/23,0.1545
2015/10/26,0.1529
2015/10/27,0.1528
2015/10/28,0.1531
2015/10/29,0.1575
2015/10/30,0.1559
2015/11/2,0.15365
2015/11/3,0.1541
2015/11/4,0.1549
2015/11/5,0.15605
2015/11/6,0.15495
2015/11/9,0.1556
2015/11/10,0.1562
2015/11/11,0.15495
2015/11/12,0.15625
2015/11/13,0.1559
2015/11/16,0.1563
2015/11/17,0.15675
2015/11/18,0.1561
2015/11/19,0.15845
2015/11/20,0.1564
2015/11/23,0.1569
2015/11/24,0.1563
2015/11/25,0.15705
2015/11/26,0.15675
2015/11/27,0.1552
2015/11/30,0.1556
2015/12/1,0.1552
2015/12/2,0.15785
2015/12/3,0.15885
2015/12/4,0.15845
2015/12/7,0.16395
2015/12/8,0.1621
2015/12/9,0.1755
2015/12/10,0.2222
2015/12/11,0.2639
2015/12/14,0.2988
2015/12/15,0.3318
2015/12/16,0.341
2015/12/17,0.373
2015/12/18,0.38635
2015/12/21,0.3904
2015/12/22,0.39
2015/12/23,0.3906
2015/12/24,0.3897
2015/12/25,.
2015/12/28,.
2015/12/29,0.385
2015/12/30,0.392
2015/12/31,0.38975
2016/1/1,.
2016/1/4,0.3875
2016/1/5,0.38625
2016/1/6,0.38715
2016/1/7,0.3847
2016/1/8,0.38485
2016/1/11,0.38595
2016/1/12,0.3864
2016/1/13,0.3859
2016/1/14,0.3851
2016/1/15,0.3875
2016/1/18,0.3853
2016/1/19,0.3875
2016/1/20,0.3866
2016/1/21,0.3864
2016/1/22,0.3893
2016/1/25,0.38765
2016/1/26,0.38975
2016/1/27,0.39135
2016/1/28,0.3955
2016/1/29,0.39385
2016/2/1,0.3894
2016/2/2,0.3925
2016/2/3,0.3874
2016/2/4,0.3876
2016/2/5,0.3866
2016/2/8,0.3905
2016/2/9,0.3972
2016/2/10,0.3939
2016/2/11,0.3952
2016/2/12,0.3912
2016/2/15,0.3934
2016/2/16,0.3905
2016/2/17,0.3916
2016/2/18,0.392
2016/2/19,0.39305
2016/2/22,0.3923
2016/2/23,0.3907
2016/2/24,0.3951
2016/2/25,0.39405
2016/2/26,0.39745
2016/2/29,0.3973
2016/3/1,0.39275
2016/3/2,0.3964
2016/3/3,0.3989
2016/3/4,0.3979
2016/3/7,0.3991
2016/3/8,0.3974
2016/3/9,0.39485
2016/3/10,0.3971
2016/3/11,0.3982
2016/3/14,0.4018
2016/3/15,0.402
2016/3/16,0.3994
2016/3/17,0.39765
2016/3/18,0.3987
2016/3/21,0.4017
2016/3/22,0.39725
2016/3/23,0.39405
2016/3/24,0.39355
2016/3/25,.
2016/3/28,.
2016/3/29,0.3925
2016/3/30,0.39685
2016/3/31,0.3961
2016/4/1,0.3961
2016/4/4,0.396
2016/4/5,0.3958
2016/4/6,0.3935
2016/4/7,0.39625
2016/4/8,0.395
2016/4/11,0.39525
2016/4/12,0.397
2016/4/13,0.39725
2016/4/14,0.3975
2016/4/15,0.4015
2016/4/18,0.4011
2016/4/19,0.4021
2016/4/20,0.399
2016/4/21,0.399
2016/4/22,0.399
2016/4/25,0.3994
2016/4/26,0.4003
2016/4/27,0.401
2016/4/28,0.404
2016/4/29,0.4055
2016/5/2,.
2016/5/3,0.405
2016/5/4,0.4032
2016/5/5,0.4068
2016/5/6,.
2016/5/9,0.40415
2016/5/10,0.40415
2016/5/11,0.4034
2016/5/12,0.4049
2016/5/13,0.4058
2016/5/16,0.4045
2016/5/17,0.4055
2016/5/18,0.4035
2016/5/19,0.407
2016/5/20,0.4061
2016/5/23,0.4046
2016/5/24,0.4059
2016/5/25,0.4055
2016/5/26,0.4061
2016/5/27,0.407
2016/5/30,.
2016/5/31,0.4082
2016/6/1,0.4083
2016/6/2,0.408
2016/6/3,0.40915
2016/6/6,0.40775
2016/6/7,0.408
2016/6/8,0.408
2016/6/9,0.41075
2016/6/10,0.41185
2016/6/13,0.41075
2016/6/14,0.4104
2016/6/15,0.40995
2016/6/16,0.4075
2016/6/17,0.4102
2016/6/20,0.4121
2016/6/21,0.41545
2016/6/22,0.41165
2016/6/23,0.4162
2016/6/24,0.42095
2016/6/27,0.43195
2016/6/28,0.43645
2016/6/29,0.4404
2016/6/30,0.4402
2016/7/1,0.43645
2016/7/4,0.4362
2016/7/5,0.43545
2016/7/6,0.4383
2016/7/7,0.4378
2016/7/8,0.4358
2016/7/11,0.4368
2016/7/12,0.4368
2016/7/13,0.4358
2016/7/14,0.43655
2016/7/15,0.4378
2016/7/18,0.4385
2016/7/19,0.439
2016/7/20,0.4386
2016/7/21,0.4371
2016/7/22,0.4366
2016/7/25,0.4391
2016/7/26,0.4391
2016/7/27,0.4386
2016/7/28,0.4461
2016/7/29,0.4456
2016/8/1,0.4461
2016/8/2,0.4441
2016/8/3,0.4441
2016/8/4,0.4431
2016/8/5,0.44235
2016/8/8,0.4431
2016/8/9,0.44245
2016/8/10,0.4437
2016/8/11,0.44345
2016/8/12,0.4427
2016/8/15,0.44078
2016/8/16,0.44133
2016/8/17,0.44078
2016/8/18,0.44106
2016/8/19,0.44272
2016/8/22,0.44467
2016/8/23,0.44356
2016/8/24,0.443
2016/8/25,0.44217
2016/8/26,0.44244
2016/8/29,.
2016/8/30,0.44383
2016/8/31,0.44356
2016/9/1,0.443
2016/9/2,0.443
2016/9/5,0.44328
2016/9/6,0.443
2016/9/7,0.44383
2016/9/8,0.44522
2016/9/9,0.44506
2016/9/12,0.44533
2016/9/13,0.44589
2016/9/14,0.44922
2016/9/15,0.45367
2016/9/16,0.45228
2016/9/19,0.45478
2016/9/20,0.45756
2016/9/21,0.45783
2016/9/22,0.45589
2016/9/23,0.45339
2016/9/26,0.45228
2016/9/27,0.45256
2016/9/28,0.44788
2016/9/29,0.44867
2016/9/30,0.45672
2016/10/3,0.46256
2016/10/4,0.45756
2016/10/5,0.45589
2016/10/6,0.45644
2016/10/7,0.45533
2016/10/10,0.45533
2016/10/11,0.45644
2016/10/12,0.45867
2016/10/13,0.45867
2016/10/14,0.45922
2016/10/17,0.46033
2016/10/18,0.45811
2016/10/19,0.45756
2016/10/20,0.45756
2016/10/21,0.45644
2016/10/24,0.45589
2016/10/25,0.45478
2016/10/26,0.45589
2016/10/27,0.457
2016/10/28,0.45978
2016/10/31,0.45978
2016/11/1,0.45867
2016/11/2,0.46033
2016/11/3,0.4595
2016/11/4,0.45839
2016/11/7,0.45894
2016/11/8,0.45978
2016/11/9,0.45728
2016/11/10,0.45978
2016/11/11,0.45922
2016/11/14,0.45922
2016/11/15,0.45894
2016/11/16,0.457
2016/11/17,0.45922
2016/11/18,0.45978
2016/11/21,0.45978
2016/11/22,0.45811
2016/11/23,0.45589
2016/11/24,0.45822
2016/11/25,0.45822
2016/11/28,0.45878
2016/11/29,0.46044
2016/11/30,0.45822
2016/12/1,0.45822
2016/12/2,0.461
2016/12/5,0.46156
2016/12/6,0.47044
2016/12/7,0.49378
2016/12/8,0.56628
2016/12/9,0.60822
2016/12/12,0.64544
2016/12/13,0.67317
2016/12/14,0.68406
2016/12/15,0.70389
2016/12/16,0.70444
2016/12/19,0.70306
2016/12/20,0.705
2016/12/21,0.70778
2016/12/22,0.71144
2016/12/23,0.71144
2016/12/26,.
2016/12/27,.
2016/12/28,0.71533
2016/12/29,0.72333
2016/12/30,0.72333
2017/1/2,.
2017/1/3,0.72333
2017/1/4,0.71833
2017/1/5,0.71867
2017/1/6,0.71811
2017/1/9,0.71844
2017/1/10,0.71956
2017/1/11,0.71733
2017/1/12,0.71733
2017/1/13,0.72078
2017/1/16,0.71944
2017/1/17,0.72033
2017/1/18,0.72428
2017/1/19,0.724
2017/1/20,0.72344
2017/1/23,0.72206
2017/1/24,0.72289
2017/1/25,0.72344
2017/1/26,0.72178
2017/1/27,0.72011
2017/1/30,0.72206
2017/1/31,0.7215
2017/2/1,0.7215
2017/2/2,0.72056
2017/2/3,0.72167
2017/2/6,0.72222
2017/2/7,0.72111
2017/2/8,0.71972
2017/2/9,0.71611
2017/2/10,0.71417
2017/2/13,0.71528
2017/2/14,0.715
2017/2/15,0.71778
2017/2/16,0.71889
2017/2/17,0.71444
2017/2/20,0.71444
2017/2/21,0.71444
2017/2/22,0.71389
2017/2/23,0.71222
2017/2/24,0.71111
2017/2/27,0.71167
2017/2/28,0.71111
2017/3/1,0.71111
2017/3/2,0.71167
2017/3/3,0.71
2017/3/6,0.71
2017/3/7,0.71389
2017/3/8,0.735
2017/3/9,0.81567
2017/3/10,0.84611
2017/3/13,0.87889
2017/3/14,0.90889
2017/3/15,0.92278
2017/3/16,0.94567
2017/3/17,0.94611
2017/3/20,0.94667
2017/3/21,0.94611
2017/3/22,0.945
2017/3/23,0.94389
2017/3/24,0.94389
2017/3/27,0.94389
2017/3/28,0.94389
2017/3/29,0.94778
2017/3/30,0.95667
2017/3/31,0.95111
2017/4/3,0.95222
2017/4/4,0.94889
2017/4/5,0.94778
2017/4/6,0.94722
2017/4/7,0.94722
2017/4/10,.
2017/4/11,0.94722
2017/4/12,0.94722
2017/4/13,0.94556
2017/4/14,.
2017/4/17,.
2017/4/18,0.94722
2017/4/19,0.94611
2017/4/20,0.94389
2017/4/21,0.945
2017/4/24,0.945
2017/4/25,0.945
2017/4/26,0.94611
2017/4/27,0.94667
2017/4/28,0.95
2017/5/1,.
2017/5/2,0.94778
2017/5/3,0.94833
2017/5/4,0.9475
2017/5/5,0.94722
2017/5/8,0.94667
2017/5/9,0.94667
2017/5/10,0.94722
2017/5/11,0.94556
2017/5/12,0.94667
2017/5/15,0.94778
2017/5/16,0.94667
2017/5/17,0.94667
2017/5/18,0.94722
2017/5/19,0.9475
2017/5/22,0.94833
2017/5/23,0.94944
2017/5/24,0.94967
2017/5/25,0.94967
2017/5/26,0.94922
2017/5/29,.
2017/5/30,0.95061
2017/5/31,0.95156
2017/6/1,0.95156
2017/6/2,0.95156
2017/6/5,0.951
2017/6/6,0.95322
2017/6/7,0.975
2017/6/8,1.03544
2017/6/9,1.076
2017/6/12,1.11211
2017/6/13,1.15111
2017/6/14,1.16189
2017/6/15,1.18833
2017/6/16,1.19
2017/6/19,1.19278
2017/6/20,1.19389
2017/6/21,1.19222
2017/6/22,1.195
2017/6/23,1.18611
2017/6/26,1.18778
2017/6/27,1.18889
2017/6/28,1.18889
2017/6/29,1.19056
2017/6/30,1.19
2017/7/3,1.18833
2017/7/4,1.19056
2017/7/5,1.19111
2017/7/6,1.19111
2017/7/7,1.19
2017/7/10,1.18889
2017/7/11,1.18889
2017/7/12,1.18889
2017/7/13,1.18889
2017/7/14,1.18889
2017/7/17,1.19111
2017/7/18,1.18944
2017/7/19,1.19
2017/7/20,1.19056
2017/7/21,1.19222
2017/7/24,1.19444
2017/7/25,1.19389
2017/7/26,1.19389
2017/7/27,1.19444
2017/7/28,1.19667
2017/7/31,1.19667
2017/8/1,1.19611
2017/8/2,1.19778
2017/8/3,1.19611
2017/8/4,1.19944
2017/8/7,1.19722
2017/8/8,1.19611
2017/8/9,1.19667
2017/8/10,1.19667
2017/8/11,1.19889
2017/8/14,1.19722
2017/8/15,1.19722
2017/8/16,1.19722
2017/8/17,1.19778
2017/8/18,1.19944
2017/8/21,1.19778
2017/8/22,1.19722
2017/8/23,1.19444
2017/8/24,1.19667
2017/8/25,1.19667
2017/8/28,.
2017/8/29,1.20167
2017/8/30,1.20167
2017/8/31,1.20167
2017/9/1,1.20056
2017/9/4,1.19722
2017/9/5,1.19667
2017/9/6,1.195
2017/9/7,1.195
2017/9/8,1.195
2017/9/11,1.19667
2017/9/12,1.19667
2017/9/13,1.19556
2017/9/14,1.19667
2017/9/15,1.19611
2017/9/18,1.19556
2017/9/19,1.19667
2017/9/20,1.19556
2017/9/21,1.19444
2017/9/22,1.19444
2017/9/25,1.19444
2017/9/26,1.19556
2017/9/27,1.19722
2017/9/28,1.20167
2017/9/29,1.205
2017/10/2,1.20333
2017/10/3,1.20333
2017/10/4,1.20167
2017/10/5,1.20222
2017/10/6,1.20222
2017/10/9,1.20333
2017/10/10,1.205
2017/10/11,1.20389
2017/10/12,1.205
2017/10/13,1.20444
2017/10/16,1.20594
2017/10/17,1.20667
2017/10/18,1.20494
2017/10/19,1.20557
2017/10/20,1.20444
2017/10/23,1.20172
2017/10/24,1.20239
2017/10/25,1.20247
2017/10/26,1.20517
2017/10/27,1.20326
2017/10/30,1.20467
2017/10/31,1.20767
2017/11/1,1.20656
2017/11/2,1.20467
2017/11/3,1.20444
2017/11/6,1.205
2017/11/7,1.2055
2017/11/8,1.205
2017/11/9,1.20272
2017/11/10,1.20422
2017/11/13,1.2035
2017/11/14,1.20406
2017/11/15,1.20356
2017/11/16,1.20372
2017/11/17,1.20267
2017/11/20,1.20367
2017/11/21,1.20212
2017/11/22,1.19969
2017/11/23,1.2008
2017/11/24,1.20341
2017/11/27,1.20106
2017/11/28,1.20219
2017/11/29,1.205
2017/11/30,1.20688
2017/12/1,1.21014
2017/12/4,1.21313
2017/12/5,1.21444
2017/12/6,1.22813
2017/12/7,1.29936
2017/12/8,1.34168
2017/12/11,1.38151
2017/12/12,1.42375
2017/12/13,1.43475
2017/12/14,1.44918
2017/12/15,1.45386
2017/12/18,1.45533
2017/12/19,1.45658
2017/12/20,1.45806
2017/12/21,1.47538
2017/12/22,1.486
2017/12/25,.
2017/12/26,.
2017/12/27,1.48913
2017/12/28,1.48413
2017/12/29,1.48038
2018/1/1,.
2018/1/2,1.48038
2018/1/3,1.47188
2018/1/4,1.46971
2018/1/5,1.4697
2018/1/8,1.46832
2018/1/9,1.46438
2018/1/10,1.4647
2018/1/11,1.46438
2018/1/12,1.46581
2018/1/15,1.46596
2018/1/16,1.46606
2018/1/17,1.46534
2018/1/18,1.46533
2018/1/19,1.46596
2018/1/22,1.46586
2018/1/23,1.46563
2018/1/24,1.465
2018/1/25,1.46813
2018/1/26,1.4675
2018/1/29,1.4675
2018/1/30,1.46875
2018/1/31,1.47011
2018/2/1,1.46963
2018/2/2,1.46869
2018/2/5,1.46871
2018/2/6,1.46875
2018/2/7,1.46875
2018/2/8,1.46861
2018/2/9,1.46938
2018/2/12,1.46938
2018/2/13,1.47063
2018/2/14,1.47188
2018/2/15,1.47063
2018/2/16,1.47125
2018/2/19,1.47313
2018/2/20,1.4725
2018/2/21,1.47125
2018/2/22,1.47125
2018/2/23,1.4725
2018/2/26,1.47375
2018/2/27,1.475
2018/2/28,1.47875
2018/3/1,1.4775
2018/3/2,1.47781
2018/3/5,1.47813
2018/3/6,1.47875
2018/3/7,1.48219
2018/3/8,1.48
2018/3/9,1.4825
2018/3/12,1.48344
2018/3/13,1.48875
2018/3/14,1.51563
2018/3/15,1.58906
2018/3/16,1.63
2018/3/19,1.67734
2018/3/20,1.71088
2018/3/21,1.73125
2018/3/22,1.74163
2018/3/23,1.73688
2018/3/26,1.73625
2018/3/27,1.73125
2018/3/28,1.73875
2018/3/29,1.745
